league,season,game,week,day,date,time,home_team,home_xg,score,away_xg,away_team,attendance,venue,referee,match_report,notes,game_id
ESP-La Liga,2526,2025-08-15 Girona-Rayo Vallecano,1,Fri,2025-08-15,19:00,Girona,0.6,1–3,3.4,Rayo Vallecano,12403,Estadi Municipal de Montilivi,Javier Alberola,/en/matches/12c8079e/Girona-Rayo-Vallecano-August-15-2025-La-Liga,,12c8079e
ESP-La Liga,2526,2025-08-15 Villarreal-Oviedo,1,Fri,2025-08-15,21:30,Villarreal,2.4,2–0,0.9,Oviedo,18333,Estadio de la Cerámica,Alejandro Muñíz,/en/matches/094ea75e/Villarreal-Oviedo-August-15-2025-La-Liga,,094ea75e
ESP-La Liga,2526,2025-08-16 Alavés-Levante,1,Sat,2025-08-16,21:30,Alavés,1.2,2–1,0.9,Levante,12837,Estadio de Mendizorroza,Miguel Sesma,/en/matches/a0d1ca80/Alaves-Levante-August-16-2025-La-Liga,,a0d1ca80
ESP-La Liga,2526,2025-08-16 Mallorca-Barcelona,1,Sat,2025-08-16,19:30,Mallorca,0.2,0–3,2.1,Barcelona,23318,Estadi Mallorca Son Moix,José Luis Munuera,/en/matches/64fa5074/Mallorca-Barcelona-August-16-2025-La-Liga,,64fa5074
ESP-La Liga,2526,2025-08-16 Valencia-Real Sociedad,1,Sat,2025-08-16,21:30,Valencia,2.0,1–1,0.8,Real Sociedad,45333,Estadio de Mestalla,Jose Maria Sánchez,/en/matches/06f5a9d0/Valencia-Real-Sociedad-August-16-2025-La-Liga,,06f5a9d0
ESP-La Liga,2526,2025-08-17 Athletic Club-Sevilla,1,Sun,2025-08-17,19:30,Athletic Club,2.8,3–2,1.0,Sevilla,49134,San Mamés,Francisco Hernández,/en/matches/74a1258d/Athletic-Club-Sevilla-August-17-2025-La-Liga,,74a1258d
ESP-La Liga,2526,2025-08-17 Celta Vigo-Getafe,1,Sun,2025-08-17,17:00,Celta Vigo,0.7,0–2,1.4,Getafe,20530,Estadio Abanca Balaídos,Iosu Galech,/en/matches/16d1156b/Celta-Vigo-Getafe-August-17-2025-La-Liga,,16d1156b
ESP-La Liga,2526,2025-08-17 Espanyol-Atlético Madrid,1,Sun,2025-08-17,21:30,Espanyol,1.3,2–1,1.1,Atlético Madrid,29612,RCDE Stadium,Mateo Busquets,/en/matches/4ab0ead6/Espanyol-Atletico-Madrid-August-17-2025-La-Liga,,4ab0ead6
ESP-La Liga,2526,2025-08-18 Elche-Betis,1,Mon,2025-08-18,21:00,Elche,0.6,1–1,1.9,Betis,28585,Estadio Manuel Martínez Valero,Víctor García,/en/matches/717ca22c/Elche-Real-Betis-August-18-2025-La-Liga,,717ca22c
ESP-La Liga,2526,2025-08-19 Real Madrid-Osasuna,1,Tue,2025-08-19,21:00,Real Madrid,1.6,1–0,0.4,Osasuna,68407,Estadio Santiago Bernabéu,Adrián Cordero,/en/matches/d34e407e/Real-Madrid-Osasuna-August-19-2025-La-Liga,,d34e407e
ESP-La Liga,2526,2025-08-22 Betis-Alavés,2,Fri,2025-08-22,21:30,Betis,1.9,1–0,1.1,Alavés,54646,Estadio La Cartuja de Sevilla,Miguel Ángel Ortiz Arias,/en/matches/6ca13ea8/Real-Betis-Alaves-August-22-2025-La-Liga,,6ca13ea8
ESP-La Liga,2526,2025-08-23 Atlético Madrid-Elche,2,Sat,2025-08-23,19:30,Atlético Madrid,1.7,1–1,0.6,Elche,59369,Riyadh Air Metropolitan Stadium,César Soto,/en/matches/11a8655e/Atletico-Madrid-Elche-August-23-2025-La-Liga,,11a8655e
ESP-La Liga,2526,2025-08-23 Levante-Barcelona,2,Sat,2025-08-23,21:30,Levante,1.8,2–3,1.9,Barcelona,23415,Estadio Ciudad de Valencia,Alejandro Hernández,/en/matches/28628853/Levante-Barcelona-August-23-2025-La-Liga,,28628853
ESP-La Liga,2526,2025-08-23 Mallorca-Celta Vigo,2,Sat,2025-08-23,17:00,Mallorca,0.7,1–1,0.7,Celta Vigo,16274,Estadi Mallorca Son Moix,José Guzmán,/en/matches/cb91c0c1/Mallorca-Celta-Vigo-August-23-2025-La-Liga,,cb91c0c1
ESP-La Liga,2526,2025-08-24 Osasuna-Valencia,2,Sun,2025-08-24,17:00,Osasuna,0.8,1–0,0.4,Valencia,21226,Estadio El Sadar,Jesús Gil,/en/matches/e18c5fb3/Osasuna-Valencia-August-24-2025-La-Liga,,e18c5fb3
ESP-La Liga,2526,2025-08-24 Oviedo-Real Madrid,2,Sun,2025-08-24,21:30,Oviedo,0.5,0–3,2.7,Real Madrid,29758,Estadio Nuevo Carlos Tartiere,Ricardo de Burgos,/en/matches/fde70dd0/Oviedo-Real-Madrid-August-24-2025-La-Liga,,fde70dd0
ESP-La Liga,2526,2025-08-24 Real Sociedad-Espanyol,2,Sun,2025-08-24,19:30,Real Sociedad,1.1,2–2,1.8,Espanyol,31616,Reale Arena,Alejandro Quintero,/en/matches/1fc3309b/Real-Sociedad-Espanyol-August-24-2025-La-Liga,,1fc3309b
ESP-La Liga,2526,2025-08-24 Villarreal-Girona,2,Sun,2025-08-24,19:30,Villarreal,2.3,5–0,0.1,Girona,18195,Estadio de la Cerámica,Guillermo Cuadra,/en/matches/8a4d023a/Villarreal-Girona-August-24-2025-La-Liga,,8a4d023a
ESP-La Liga,2526,2025-08-25 Athletic Club-Rayo Vallecano,2,Mon,2025-08-25,19:30,Athletic Club,1.5,1–0,0.3,Rayo Vallecano,48703,San Mamés,Juan Martínez,/en/matches/0fcd5ff0/Athletic-Club-Rayo-Vallecano-August-25-2025-La-Liga,,0fcd5ff0
ESP-La Liga,2526,2025-08-25 Sevilla-Getafe,2,Mon,2025-08-25,21:30,Sevilla,0.5,1–2,0.7,Getafe,36697,Estadio Ramón Sánchez Pizjuán,Isidro Díaz de Mera,/en/matches/205e01a7/Sevilla-Getafe-August-25-2025-La-Liga,,205e01a7
ESP-La Liga,2526,2025-08-27 Celta Vigo-Betis,6,Wed,2025-08-27,21:00,Celta Vigo,0.8,1–1,0.3,Betis,20302,Estadio Abanca Balaídos,Jesús Gil,/en/matches/d8457042/Celta-Vigo-Real-Betis-August-27-2025-La-Liga,,d8457042
ESP-La Liga,2526,2025-08-29 Elche-Levante,3,Fri,2025-08-29,19:30,Elche,1.1,2–0,0.7,Levante,26936,Estadio Manuel Martínez Valero,Iosu Galech,/en/matches/1b1ae5a7/Elche-Levante-August-29-2025-La-Liga,,1b1ae5a7
ESP-La Liga,2526,2025-08-29 Valencia-Getafe,3,Fri,2025-08-29,21:30,Valencia,1.1,3–0,0.7,Getafe,45449,Estadio de Mestalla,Francisco Hernández,/en/matches/abb1b26b/Valencia-Getafe-August-29-2025-La-Liga,,abb1b26b
ESP-La Liga,2526,2025-08-30 Alavés-Atlético Madrid,3,Sat,2025-08-30,17:00,Alavés,0.9,1–1,1.0,Atlético Madrid,18042,Estadio de Mendizorroza,Víctor García,/en/matches/74cf6cb4/Alaves-Atletico-Madrid-August-30-2025-La-Liga,,74cf6cb4
ESP-La Liga,2526,2025-08-30 Girona-Sevilla,3,Sat,2025-08-30,19:30,Girona,2.0,0–2,1.3,Sevilla,11305,Estadi Municipal de Montilivi,Miguel Ángel Ortiz Arias,/en/matches/9bf5115e/Girona-Sevilla-August-30-2025-La-Liga,,9bf5115e
ESP-La Liga,2526,2025-08-30 Oviedo-Real Sociedad,3,Sat,2025-08-30,19:00,Oviedo,0.5,1–0,1.0,Real Sociedad,25688,Estadio Nuevo Carlos Tartiere,Adrián Cordero,/en/matches/a87f3bf5/Oviedo-Real-Sociedad-August-30-2025-La-Liga,,a87f3bf5
ESP-La Liga,2526,2025-08-30 Real Madrid-Mallorca,3,Sat,2025-08-30,21:30,Real Madrid,1.8,2–1,0.7,Mallorca,72699,Estadio Santiago Bernabéu,Jose Maria Sánchez,/en/matches/9c0a49c5/Real-Madrid-Mallorca-August-30-2025-La-Liga,,9c0a49c5
ESP-La Liga,2526,2025-08-31 Betis-Athletic Club,3,Sun,2025-08-31,19:00,Betis,0.6,1–2,1.1,Athletic Club,65222,Estadio La Cartuja de Sevilla,Isidro Díaz de Mera,/en/matches/d305cd4d/Real-Betis-Athletic-Club-August-31-2025-La-Liga,,d305cd4d
ESP-La Liga,2526,2025-08-31 Celta Vigo-Villarreal,3,Sun,2025-08-31,17:00,Celta Vigo,1.0,1–1,1.0,Villarreal,20172,Estadio Abanca Balaídos,Alejandro Quintero,/en/matches/5b403787/Celta-Vigo-Villarreal-August-31-2025-La-Liga,,5b403787
ESP-La Liga,2526,2025-08-31 Espanyol-Osasuna,3,Sun,2025-08-31,19:30,Espanyol,1.2,1–0,1.4,Osasuna,29780,RCDE Stadium,Miguel Sesma,/en/matches/fedc1653/Espanyol-Osasuna-August-31-2025-La-Liga,,fedc1653
ESP-La Liga,2526,2025-08-31 Rayo Vallecano-Barcelona,3,Sun,2025-08-31,21:30,Rayo Vallecano,1.8,1–1,1.8,Barcelona,14438,Campo de Fútbol de Vallecas,Mateo Busquets,/en/matches/38c8e28a/Rayo-Vallecano-Barcelona-August-31-2025-La-Liga,,38c8e28a
ESP-La Liga,2526,2025-09-12 Sevilla-Elche,4,Fri,2025-09-12,21:00,Sevilla,0.4,2–2,1.0,Elche,37331,Estadio Ramón Sánchez Pizjuán,Javier Alberola,/en/matches/13448b32/Sevilla-Elche-September-12-2025-La-Liga,,13448b32
ESP-La Liga,2526,2025-09-13 Athletic Club-Alavés,4,Sat,2025-09-13,18:30,Athletic Club,1.1,0–1,0.1,Alavés,49136,San Mamés,Jose Maria Sánchez,/en/matches/7ac36542/Athletic-Club-Alaves-September-13-2025-La-Liga,,7ac36542
ESP-La Liga,2526,2025-09-13 Atlético Madrid-Villarreal,4,Sat,2025-09-13,21:00,Atlético Madrid,1.0,2–0,1.0,Villarreal,63312,Riyadh Air Metropolitan Stadium,José Luis Munuera,/en/matches/a84e557e/Atletico-Madrid-Villarreal-September-13-2025-La-Liga,,a84e557e
ESP-La Liga,2526,2025-09-13 Getafe-Oviedo,4,Sat,2025-09-13,14:00,Getafe,0.7,2–0,0.3,Oviedo,8657,Coliseum Alfonso Pérez,José Guzmán,/en/matches/a25dff66/Getafe-Oviedo-September-13-2025-La-Liga,,a25dff66
ESP-La Liga,2526,2025-09-13 Real Sociedad-Real Madrid,4,Sat,2025-09-13,16:15,Real Sociedad,2.2,1–2,2.4,Real Madrid,36958,Reale Arena,Jesús Gil,/en/matches/980d729f/Real-Sociedad-Real-Madrid-September-13-2025-La-Liga,,980d729f
ESP-La Liga,2526,2025-09-14 Barcelona-Valencia,4,Sun,2025-09-14,21:00,Barcelona,3.9,6–0,0.1,Valencia,5862,Estadi Johan Cruyff,Guillermo Cuadra,/en/matches/2ed529d8/Barcelona-Valencia-September-14-2025-La-Liga,,2ed529d8
ESP-La Liga,2526,2025-09-14 Celta Vigo-Girona,4,Sun,2025-09-14,14:00,Celta Vigo,2.5,1–1,0.6,Girona,18862,Estadio Abanca Balaídos,Adrián Cordero,/en/matches/43519521/Celta-Vigo-Girona-September-14-2025-La-Liga,,43519521
ESP-La Liga,2526,2025-09-14 Levante-Betis,4,Sun,2025-09-14,16:15,Levante,0.8,2–2,2.1,Betis,21938,Estadio Ciudad de Valencia,Alejandro Muñíz,/en/matches/a9cd9aa4/Levante-Real-Betis-September-14-2025-La-Liga,,a9cd9aa4
ESP-La Liga,2526,2025-09-14 Osasuna-Rayo Vallecano,4,Sun,2025-09-14,18:30,Osasuna,1.6,2–0,1.1,Rayo Vallecano,20511,Estadio El Sadar,César Soto,/en/matches/ba5552a6/Osasuna-Rayo-Vallecano-September-14-2025-La-Liga,,ba5552a6
ESP-La Liga,2526,2025-09-15 Espanyol-Mallorca,4,Mon,2025-09-15,21:00,Espanyol,2.4,3–2,2.2,Mallorca,26082,RCDE Stadium,Alejandro Hernández,/en/matches/d0c88999/Espanyol-Mallorca-September-15-2025-La-Liga,,d0c88999
ESP-La Liga,2526,2025-09-19 Betis-Real Sociedad,5,Fri,2025-09-19,21:00,Betis,2.3,3–1,0.8,Real Sociedad,59773,Estadio La Cartuja de Sevilla,Mateo Busquets,/en/matches/98cdf1bd/Real-Betis-Real-Sociedad-September-19-2025-La-Liga,,98cdf1bd
ESP-La Liga,2526,2025-09-20 Alavés-Sevilla,5,Sat,2025-09-20,18:30,Alavés,1.0,1–2,0.5,Sevilla,17525,Estadio de Mendizorroza,Iosu Galech,/en/matches/b509a1bd/Alaves-Sevilla-September-20-2025-La-Liga,,b509a1bd
ESP-La Liga,2526,2025-09-20 Girona-Levante,5,Sat,2025-09-20,14:00,Girona,0.5,0–4,2.9,Levante,11048,Estadi Municipal de Montilivi,Alejandro Quintero,/en/matches/99926e5a/Girona-Levante-September-20-2025-La-Liga,,99926e5a
ESP-La Liga,2526,2025-09-20 Real Madrid-Espanyol,5,Sat,2025-09-20,16:15,Real Madrid,1.2,2–0,1.0,Espanyol,73466,Estadio Santiago Bernabéu,Juan Martínez,/en/matches/965b0ab3/Real-Madrid-Espanyol-September-20-2025-La-Liga,,965b0ab3
ESP-La Liga,2526,2025-09-20 Valencia-Athletic Club,5,Sat,2025-09-20,21:00,Valencia,1.8,2–0,0.5,Athletic Club,46004,Estadio de Mestalla,Miguel Ángel Ortiz Arias,/en/matches/d748045b/Valencia-Athletic-Club-September-20-2025-La-Liga,,d748045b
ESP-La Liga,2526,2025-09-20 Villarreal-Osasuna,5,Sat,2025-09-20,18:30,Villarreal,2.4,2–1,1.8,Osasuna,17542,Estadio de la Cerámica,Isidro Díaz de Mera,/en/matches/dc81b56c/Villarreal-Osasuna-September-20-2025-La-Liga,,dc81b56c
ESP-La Liga,2526,2025-09-21 Barcelona-Getafe,5,Sun,2025-09-21,21:00,Barcelona,2.0,3–0,0.2,Getafe,5711,Estadi Johan Cruyff,Ricardo de Burgos,/en/matches/0c64b4c3/Barcelona-Getafe-September-21-2025-La-Liga,,0c64b4c3
ESP-La Liga,2526,2025-09-21 Elche-Oviedo,5,Sun,2025-09-21,18:30,Elche,1.5,1–0,1.1,Oviedo,27235,Estadio Manuel Martínez Valero,Miguel Sesma,/en/matches/c533e103/Elche-Oviedo-September-21-2025-La-Liga,,c533e103
ESP-La Liga,2526,2025-09-21 Mallorca-Atlético Madrid,5,Sun,2025-09-21,16:15,Mallorca,0.6,1–1,2.2,Atlético Madrid,21027,Estadi Mallorca Son Moix,Francisco Hernández,/en/matches/9b780361/Mallorca-Atletico-Madrid-September-21-2025-La-Liga,,9b780361
ESP-La Liga,2526,2025-09-21 Rayo Vallecano-Celta Vigo,5,Sun,2025-09-21,14:00,Rayo Vallecano,1.1,1–1,0.9,Celta Vigo,13028,Campo de Fútbol de Vallecas,Víctor García,/en/matches/ec3f1f8d/Rayo-Vallecano-Celta-Vigo-September-21-2025-La-Liga,,ec3f1f8d
ESP-La Liga,2526,2025-09-23 Athletic Club-Girona,6,Tue,2025-09-23,19:00,Athletic Club,1.5,1–1,0.8,Girona,45739,San Mamés,José Luis Munuera,/en/matches/c573f04e/Athletic-Club-Girona-September-23-2025-La-Liga,,c573f04e
ESP-La Liga,2526,2025-09-23 Espanyol-Valencia,6,Tue,2025-09-23,19:00,Espanyol,2.5,2–2,0.8,Valencia,26802,RCDE Stadium,José Guzmán,/en/matches/4866d782/Espanyol-Valencia-September-23-2025-La-Liga,,4866d782
ESP-La Liga,2526,2025-09-23 Levante-Real Madrid,6,Tue,2025-09-23,21:30,Levante,1.6,1–4,3.9,Real Madrid,23361,Estadio Ciudad de Valencia,Isidro Díaz de Mera,/en/matches/74a8527b/Levante-Real-Madrid-September-23-2025-La-Liga,,74a8527b
ESP-La Liga,2526,2025-09-23 Sevilla-Villarreal,6,Tue,2025-09-23,21:30,Sevilla,1.0,1–2,1.9,Villarreal,38145,Estadio Ramón Sánchez Pizjuán,César Soto,/en/matches/c458c61d/Sevilla-Villarreal-September-23-2025-La-Liga,,c458c61d
ESP-La Liga,2526,2025-09-24 Atlético Madrid-Rayo Vallecano,6,Wed,2025-09-24,21:30,Atlético Madrid,3.5,3–2,1.6,Rayo Vallecano,54098,Riyadh Air Metropolitan Stadium,Alejandro Hernández,/en/matches/16153495/Atletico-Madrid-Rayo-Vallecano-September-24-2025-La-Liga,,16153495
ESP-La Liga,2526,2025-09-24 Getafe-Alavés,6,Wed,2025-09-24,19:00,Getafe,0.3,1–1,0.6,Alavés,8005,Coliseum Alfonso Pérez,Alejandro Quintero,/en/matches/eaae4ec9/Getafe-Alaves-September-24-2025-La-Liga,,eaae4ec9
ESP-La Liga,2526,2025-09-24 Real Sociedad-Mallorca,6,Wed,2025-09-24,21:30,Real Sociedad,2.7,1–0,0.7,Mallorca,22442,Reale Arena,Iosu Galech,/en/matches/7c305a21/Real-Sociedad-Mallorca-September-24-2025-La-Liga,,7c305a21
ESP-La Liga,2526,2025-09-25 Osasuna-Elche,6,Thu,2025-09-25,19:30,Osasuna,0.9,1–1,0.8,Elche,19475,Estadio El Sadar,Adrián Cordero,/en/matches/f9d04c1d/Osasuna-Elche-September-25-2025-La-Liga,,f9d04c1d
ESP-La Liga,2526,2025-09-25 Oviedo-Barcelona,6,Thu,2025-09-25,21:30,Oviedo,1.0,1–3,2.0,Barcelona,29850,Estadio Nuevo Carlos Tartiere,Miguel Ángel Ortiz Arias,/en/matches/fa8efe81/Oviedo-Barcelona-September-25-2025-La-Liga,,fa8efe81
ESP-La Liga,2526,2025-09-26 Girona-Espanyol,7,Fri,2025-09-26,21:00,Girona,1.0,0–0,1.1,Espanyol,11488,Estadi Municipal de Montilivi,Francisco Hernández,/en/matches/c3953d4e/Girona-Espanyol-September-26-2025-La-Liga,,c3953d4e
ESP-La Liga,2526,2025-09-27 Atlético Madrid-Real Madrid,7,Sat,2025-09-27,16:15,Atlético Madrid,2.3,5–2,0.7,Real Madrid,69167,Riyadh Air Metropolitan Stadium,Javier Alberola,/en/matches/33523b09/El-Derbi-Madrileno-Atletico-Madrid-Real-Madrid-September-27-2025-La-Liga,,33523b09
ESP-La Liga,2526,2025-09-27 Getafe-Levante,7,Sat,2025-09-27,14:00,Getafe,0.6,1–1,1.2,Levante,7749,Coliseum Alfonso Pérez,Mateo Busquets,/en/matches/8093d85d/Getafe-Levante-September-27-2025-La-Liga,,8093d85d
ESP-La Liga,2526,2025-09-27 Mallorca-Alavés,7,Sat,2025-09-27,18:30,Mallorca,0.7,1–0,0.8,Alavés,16275,Estadi Mallorca Son Moix,Adrián Cordero,/en/matches/61231d2f/Mallorca-Alaves-September-27-2025-La-Liga,,61231d2f
ESP-La Liga,2526,2025-09-27 Villarreal-Athletic Club,7,Sat,2025-09-27,21:00,Villarreal,1.2,1–0,1.3,Athletic Club,18908,Estadio de la Cerámica,Miguel Sesma,/en/matches/69831ee1/Villarreal-Athletic-Club-September-27-2025-La-Liga,,69831ee1
ESP-La Liga,2526,2025-09-28 Barcelona-Real Sociedad,7,Sun,2025-09-28,18:30,Barcelona,2.2,2–1,1.0,Real Sociedad,50103,Estadi Olímpic Lluís Companys,Alejandro Hernández,/en/matches/65ee8953/Barcelona-Real-Sociedad-September-28-2025-La-Liga,,65ee8953
ESP-La Liga,2526,2025-09-28 Betis-Osasuna,7,Sun,2025-09-28,21:00,Betis,0.8,2–0,0.7,Osasuna,50034,Estadio La Cartuja de Sevilla,Víctor García,/en/matches/a54a3fcb/Real-Betis-Osasuna-September-28-2025-La-Liga,,a54a3fcb
ESP-La Liga,2526,2025-09-28 Elche-Celta Vigo,7,Sun,2025-09-28,16:15,Elche,3.5,2–1,0.8,Celta Vigo,26708,Estadio Manuel Martínez Valero,Guillermo Cuadra,/en/matches/fdaa9b8b/Elche-Celta-Vigo-September-28-2025-La-Liga,,fdaa9b8b
ESP-La Liga,2526,2025-09-28 Rayo Vallecano-Sevilla,7,Sun,2025-09-28,14:00,Rayo Vallecano,1.8,0–1,0.5,Sevilla,13080,Campo de Fútbol de Vallecas,Jesús Gil,/en/matches/01a13602/Rayo-Vallecano-Sevilla-September-28-2025-La-Liga,,01a13602
ESP-La Liga,2526,2025-09-30 Valencia-Oviedo,7,Tue,2025-09-30,20:00,Valencia,1.5,1–2,0.8,Oviedo,40364,Estadio de Mestalla,Ricardo de Burgos,/en/matches/e405826e/Valencia-Oviedo-September-30-2025-La-Liga,,e405826e
ESP-La Liga,2526,2025-10-03 Osasuna-Getafe,8,Fri,2025-10-03,21:00,Osasuna,0.4,2–1,0.9,Getafe,19895,Estadio El Sadar,Javier Alberola,/en/matches/522fce4d/Osasuna-Getafe-October-3-2025-La-Liga,,522fce4d
ESP-La Liga,2526,2025-10-04 Athletic Club-Mallorca,8,Sat,2025-10-04,18:30,Athletic Club,2.0,2–1,0.4,Mallorca,47098,San Mamés,Alejandro Quintero,/en/matches/a0548327/Athletic-Club-Mallorca-October-4-2025-La-Liga,,a0548327
ESP-La Liga,2526,2025-10-04 Girona-Valencia,8,Sat,2025-10-04,16:15,Girona,1.0,2–1,1.1,Valencia,10867,Estadi Municipal de Montilivi,Isidro Díaz de Mera,/en/matches/20544d69/Girona-Valencia-October-4-2025-La-Liga,,20544d69
ESP-La Liga,2526,2025-10-04 Oviedo-Levante,8,Sat,2025-10-04,14:00,Oviedo,1.2,0–2,1.9,Levante,23878,Estadio Nuevo Carlos Tartiere,José Luis Munuera,/en/matches/f534cd59/Oviedo-Levante-October-4-2025-La-Liga,,f534cd59
ESP-La Liga,2526,2025-10-04 Real Madrid-Villarreal,8,Sat,2025-10-04,21:00,Real Madrid,3.4,3–1,1.0,Villarreal,75216,Estadio Santiago Bernabéu,Guillermo Cuadra,/en/matches/2aff6c8b/Real-Madrid-Villarreal-October-4-2025-La-Liga,,2aff6c8b
ESP-La Liga,2526,2025-10-05 Alavés-Elche,8,Sun,2025-10-05,14:00,Alavés,2.2,3–1,0.4,Elche,16203,Estadio de Mendizorroza,Miguel Ángel Ortiz Arias,/en/matches/35cfade6/Alaves-Elche-October-5-2025-La-Liga,,35cfade6
ESP-La Liga,2526,2025-10-05 Celta Vigo-Atlético Madrid,8,Sun,2025-10-05,21:00,Celta Vigo,1.9,1–1,0.4,Atlético Madrid,20877,Estadio Abanca Balaídos,César Soto,/en/matches/07058ac6/Celta-Vigo-Atletico-Madrid-October-5-2025-La-Liga,,07058ac6
ESP-La Liga,2526,2025-10-05 Espanyol-Betis,8,Sun,2025-10-05,18:30,Espanyol,2.3,1–2,1.3,Betis,32778,RCDE Stadium,Iosu Galech,/en/matches/a8f0fd7e/Espanyol-Real-Betis-October-5-2025-La-Liga,,a8f0fd7e
ESP-La Liga,2526,2025-10-05 Real Sociedad-Rayo Vallecano,8,Sun,2025-10-05,18:30,Real Sociedad,0.8,0–1,0.8,Rayo Vallecano,31189,Reale Arena,José Guzmán,/en/matches/301cda5f/Real-Sociedad-Rayo-Vallecano-October-5-2025-La-Liga,,301cda5f
ESP-La Liga,2526,2025-10-05 Sevilla-Barcelona,8,Sun,2025-10-05,16:15,Sevilla,2.8,4–1,2.2,Barcelona,41040,Estadio Ramón Sánchez Pizjuán,Alejandro Muñíz,/en/matches/bc939aab/Sevilla-Barcelona-October-5-2025-La-Liga,,bc939aab
ESP-La Liga,2526,2025-10-17 Oviedo-Espanyol,9,Fri,2025-10-17,21:00,Oviedo,0.8,0–2,3.7,Espanyol,25625,Estadio Nuevo Carlos Tartiere,Mateo Busquets,/en/matches/8dcc7a17/Oviedo-Espanyol-October-17-2025-La-Liga,,8dcc7a17
ESP-La Liga,2526,2025-10-18 Atlético Madrid-Osasuna,9,Sat,2025-10-18,21:00,Atlético Madrid,2.5,1–0,1.1,Osasuna,62884,Riyadh Air Metropolitan Stadium,Ricardo de Burgos,/en/matches/d8332af4/Atletico-Madrid-Osasuna-October-18-2025-La-Liga,,d8332af4
ESP-La Liga,2526,2025-10-18 Barcelona-Girona,9,Sat,2025-10-18,16:15,Barcelona,1.6,2–1,1.7,Girona,43172,Estadi Olímpic Lluís Companys,Jesús Gil,/en/matches/e1d1e807/Barcelona-Girona-October-18-2025-La-Liga,,e1d1e807
ESP-La Liga,2526,2025-10-18 Sevilla-Mallorca,9,Sat,2025-10-18,14:00,Sevilla,1.3,1–3,1.9,Mallorca,37008,Estadio Ramón Sánchez Pizjuán,Víctor García,/en/matches/feb28348/Sevilla-Mallorca-October-18-2025-La-Liga,,feb28348
ESP-La Liga,2526,2025-10-18 Villarreal-Betis,9,Sat,2025-10-18,18:30,Villarreal,0.7,2–2,1.2,Betis,19238,Estadio de la Cerámica,Francisco Hernández,/en/matches/2cb774e5/Villarreal-Real-Betis-October-18-2025-La-Liga,,2cb774e5
ESP-La Liga,2526,2025-10-19 Celta Vigo-Real Sociedad,9,Sun,2025-10-19,16:15,Celta Vigo,1.0,1–1,1.5,Real Sociedad,19102,Estadio Abanca Balaídos,Juan Martínez,/en/matches/80c28734/Celta-Vigo-Real-Sociedad-October-19-2025-La-Liga,,80c28734
ESP-La Liga,2526,2025-10-19 Elche-Athletic Club,9,Sun,2025-10-19,14:00,Elche,1.0,0–0,0.3,Athletic Club,29043,Estadio Manuel Martínez Valero,José Guzmán,/en/matches/f76197a8/Elche-Athletic-Club-October-19-2025-La-Liga,,f76197a8
ESP-La Liga,2526,2025-10-19 Getafe-Real Madrid,9,Sun,2025-10-19,21:00,Getafe,0.6,0–1,2.3,Real Madrid,10090,Coliseum Alfonso Pérez,José Luis Munuera,/en/matches/cc0d078a/Getafe-Real-Madrid-October-19-2025-La-Liga,,cc0d078a
ESP-La Liga,2526,2025-10-19 Levante-Rayo Vallecano,9,Sun,2025-10-19,18:30,Levante,0.9,0–3,1.5,Rayo Vallecano,20312,Estadio Ciudad de Valencia,Miguel Sesma,/en/matches/f38a8a8a/Levante-Rayo-Vallecano-October-19-2025-La-Liga,,f38a8a8a
ESP-La Liga,2526,2025-10-20 Alavés-Valencia,9,Mon,2025-10-20,21:00,Alavés,0.7,0–0,0.4,Valencia,15564,Estadio de Mendizorroza,Iosu Galech,/en/matches/a11ac76d/Alaves-Valencia-October-20-2025-La-Liga,,a11ac76d
ESP-La Liga,2526,2025-10-24 Real Sociedad-Sevilla,10,Fri,2025-10-24,21:00,Real Sociedad,1.6,2–1,0.2,Sevilla,30965,Reale Arena,Adrián Cordero,/en/matches/1de126e4/Real-Sociedad-Sevilla-October-24-2025-La-Liga,,1de126e4
ESP-La Liga,2526,2025-10-25 Athletic Club-Getafe,10,Sat,2025-10-25,18:30,Athletic Club,0.4,0–1,0.9,Getafe,47749,San Mamés,Isidro Díaz de Mera,/en/matches/8ba16a61/Athletic-Club-Getafe-October-25-2025-La-Liga,,8ba16a61
ESP-La Liga,2526,2025-10-25 Espanyol-Elche,10,Sat,2025-10-25,16:15,Espanyol,1.9,1–0,1.0,Elche,30820,RCDE Stadium,Ricardo de Burgos,/en/matches/01f0d9f3/Espanyol-Elche-October-25-2025-La-Liga,,01f0d9f3
ESP-La Liga,2526,2025-10-25 Girona-Oviedo,10,Sat,2025-10-25,14:00,Girona,2.0,3–3,1.7,Oviedo,11120,Estadi Municipal de Montilivi,Alejandro Muñíz,/en/matches/c0381411/Girona-Oviedo-October-25-2025-La-Liga,,c0381411
ESP-La Liga,2526,2025-10-25 Valencia-Villarreal,10,Sat,2025-10-25,21:00,Valencia,0.8,0–2,2.2,Villarreal,45560,Estadio de Mestalla,Javier Alberola,/en/matches/8a811174/Valencia-Villarreal-October-25-2025-La-Liga,,8a811174
ESP-La Liga,2526,2025-10-26 Mallorca-Levante,10,Sun,2025-10-26,14:00,Mallorca,1.6,1–1,1.9,Levante,12964,Estadi Mallorca Son Moix,Miguel Ángel Ortiz Arias,/en/matches/8aeb0904/Mallorca-Levante-October-26-2025-La-Liga,,8aeb0904
ESP-La Liga,2526,2025-10-26 Osasuna-Celta Vigo,10,Sun,2025-10-26,18:30,Osasuna,2.3,2–3,1.7,Celta Vigo,20065,Estadio El Sadar,Alejandro Hernández,/en/matches/da9da8f5/Osasuna-Celta-Vigo-October-26-2025-La-Liga,,da9da8f5
ESP-La Liga,2526,2025-10-26 Rayo Vallecano-Alavés,10,Sun,2025-10-26,21:00,Rayo Vallecano,1.2,1–0,1.0,Alavés,11734,Campo de Fútbol de Vallecas,Víctor García,/en/matches/1447fc04/Rayo-Vallecano-Alaves-October-26-2025-La-Liga,,1447fc04
ESP-La Liga,2526,2025-10-26 Real Madrid-Barcelona,10,Sun,2025-10-26,16:15,Real Madrid,3.6,2–1,1.1,Barcelona,78107,Estadio Santiago Bernabéu,César Soto,/en/matches/9c9d1f09/El-Clasico-Real-Madrid-Barcelona-October-26-2025-La-Liga,,9c9d1f09
ESP-La Liga,2526,2025-10-27 Betis-Atlético Madrid,10,Mon,2025-10-27,21:00,Betis,1.1,0–2,0.6,Atlético Madrid,57537,Estadio La Cartuja de Sevilla,Juan Martínez,/en/matches/4ed4de50/Real-Betis-Atletico-Madrid-October-27-2025-La-Liga,,4ed4de50
ESP-La Liga,2526,2025-10-31 Getafe-Girona,11,Fri,2025-10-31,21:00,Getafe,0.9,2–1,1.4,Girona,7223,Coliseum Alfonso Pérez,Jose Maria Sánchez,/en/matches/5fd9bc05/Getafe-Girona-October-31-2025-La-Liga,,5fd9bc05
ESP-La Liga,2526,2025-11-01 Atlético Madrid-Sevilla,11,Sat,2025-11-01,16:15,Atlético Madrid,3.3,3–0,0.3,Sevilla,66119,Riyadh Air Metropolitan Stadium,Francisco Hernández,/en/matches/25430036/Atletico-Madrid-Sevilla-November-1-2025-La-Liga,,25430036
ESP-La Liga,2526,2025-11-01 Real Madrid-Valencia,11,Sat,2025-11-01,21:00,Real Madrid,2.9,4–0,0.5,Valencia,74796,Estadio Santiago Bernabéu,Mateo Busquets,/en/matches/5333666a/Real-Madrid-Valencia-November-1-2025-La-Liga,,5333666a
ESP-La Liga,2526,2025-11-01 Real Sociedad-Athletic Club,11,Sat,2025-11-01,18:30,Real Sociedad,1.6,3–2,1.0,Athletic Club,37685,Reale Arena,José Luis Munuera,/en/matches/78cc3134/Real-Sociedad-Athletic-Club-November-1-2025-La-Liga,,78cc3134
ESP-La Liga,2526,2025-11-01 Villarreal-Rayo Vallecano,11,Sat,2025-11-01,14:00,Villarreal,2.9,4–0,1.0,Rayo Vallecano,17022,Estadio de la Cerámica,Iosu Galech,/en/matches/5524deb2/Villarreal-Rayo-Vallecano-November-1-2025-La-Liga,,5524deb2
ESP-La Liga,2526,2025-11-02 Alavés-Espanyol,11,Sun,2025-11-02,16:15,Alavés,1.2,2–1,1.0,Espanyol,17149,Estadio de Mendizorroza,Guillermo Cuadra,/en/matches/641ac213/Alaves-Espanyol-November-2-2025-La-Liga,,641ac213
ESP-La Liga,2526,2025-11-02 Barcelona-Elche,11,Sun,2025-11-02,18:30,Barcelona,1.9,3–1,0.7,Elche,44370,Estadi Olímpic Lluís Companys,Miguel Sesma,/en/matches/3af93275/Barcelona-Elche-November-2-2025-La-Liga,,3af93275
ESP-La Liga,2526,2025-11-02 Betis-Mallorca,11,Sun,2025-11-02,21:00,Betis,2.4,3–0,0.6,Mallorca,54747,Estadio La Cartuja de Sevilla,Jesús Gil,/en/matches/f12eb85f/Real-Betis-Mallorca-November-2-2025-La-Liga,,f12eb85f
ESP-La Liga,2526,2025-11-02 Levante-Celta Vigo,11,Sun,2025-11-02,14:00,Levante,1.1,1–2,2.0,Celta Vigo,19513,Estadio Ciudad de Valencia,Alejandro Quintero,/en/matches/44957334/Levante-Celta-Vigo-November-2-2025-La-Liga,,44957334
ESP-La Liga,2526,2025-11-03 Oviedo-Osasuna,11,Mon,2025-11-03,21:00,Oviedo,1.0,0–0,0.8,Osasuna,23795,Estadio Nuevo Carlos Tartiere,José Guzmán,/en/matches/1a73a7a7/Oviedo-Osasuna-November-3-2025-La-Liga,,1a73a7a7
ESP-La Liga,2526,2025-11-07 Elche-Real Sociedad,12,Fri,2025-11-07,21:00,Elche,0.9,1–1,1.4,Real Sociedad,26242,Estadio Manuel Martínez Valero,Isidro Díaz de Mera,/en/matches/7e562e60/Elche-Real-Sociedad-November-7-2025-La-Liga,,7e562e60
ESP-La Liga,2526,2025-11-08 Atlético Madrid-Levante,12,Sat,2025-11-08,18:30,Atlético Madrid,2.9,3–1,1.0,Levante,60119,Riyadh Air Metropolitan Stadium,Jesús Gil,/en/matches/8929b733/Atletico-Madrid-Levante-November-8-2025-La-Liga,,8929b733
ESP-La Liga,2526,2025-11-08 Espanyol-Villarreal,12,Sat,2025-11-08,21:00,Espanyol,0.5,0–2,1.6,Villarreal,29540,RCDE Stadium,Alejandro Hernández,/en/matches/20adddf1/Espanyol-Villarreal-November-8-2025-La-Liga,,20adddf1
ESP-La Liga,2526,2025-11-08 Girona-Alavés,12,Sat,2025-11-08,14:00,Girona,0.9,1–0,1.8,Alavés,10050,Estadi Municipal de Montilivi,Adrián Cordero,/en/matches/a9b7c284/Girona-Alaves-November-8-2025-La-Liga,,a9b7c284
ESP-La Liga,2526,2025-11-08 Sevilla-Osasuna,12,Sat,2025-11-08,16:15,Sevilla,1.4,1–0,1.0,Osasuna,35169,Estadio Ramón Sánchez Pizjuán,Miguel Ángel Ortiz Arias,/en/matches/615a800e/Sevilla-Osasuna-November-8-2025-La-Liga,,615a800e
ESP-La Liga,2526,2025-11-09 Athletic Club-Oviedo,12,Sun,2025-11-09,14:00,Athletic Club,1.7,1–0,0.2,Oviedo,47209,San Mamés,César Soto,/en/matches/7c8c63b7/Athletic-Club-Oviedo-November-9-2025-La-Liga,,7c8c63b7
ESP-La Liga,2526,2025-11-09 Celta Vigo-Barcelona,12,Sun,2025-11-09,21:00,Celta Vigo,0.6,2–4,3.2,Barcelona,21887,Estadio Abanca Balaídos,Javier Alberola,/en/matches/12962665/Celta-Vigo-Barcelona-November-9-2025-La-Liga,,12962665
ESP-La Liga,2526,2025-11-09 Mallorca-Getafe,12,Sun,2025-11-09,18:30,Mallorca,1.1,1–0,0.7,Getafe,17507,Estadi Mallorca Son Moix,Ricardo de Burgos,/en/matches/26d939ed/Mallorca-Getafe-November-9-2025-La-Liga,,26d939ed
ESP-La Liga,2526,2025-11-09 Rayo Vallecano-Real Madrid,12,Sun,2025-11-09,16:15,Rayo Vallecano,1.2,0–0,0.9,Real Madrid,14468,Campo de Fútbol de Vallecas,Juan Martínez,/en/matches/3ecfed22/Rayo-Vallecano-Real-Madrid-November-9-2025-La-Liga,,3ecfed22
ESP-La Liga,2526,2025-11-09 Valencia-Betis,12,Sun,2025-11-09,18:30,Valencia,1.8,1–1,1.6,Betis,45820,Estadio de Mestalla,Víctor García,/en/matches/4d62f580/Valencia-Real-Betis-November-9-2025-La-Liga,,4d62f580
ESP-La Liga,2526,2025-11-21 Valencia-Levante,13,Fri,2025-11-21,21:00,Valencia,1.5,1–0,0.7,Levante,46302,Estadio de Mestalla,Alejandro Muñíz,/en/matches/108224dc/Valencia-Levante-November-21-2025-La-Liga,,108224dc
ESP-La Liga,2526,2025-11-22 Alavés-Celta Vigo,13,Sat,2025-11-22,14:00,Alavés,0.4,0–1,1.4,Celta Vigo,16582,Estadio de Mendizorroza,Juan Martínez,/en/matches/6cfad186/Alaves-Celta-Vigo-November-22-2025-La-Liga,,6cfad186
ESP-La Liga,2526,2025-11-22 Barcelona-Athletic Club,13,Sat,2025-11-22,16:15,Barcelona,2.0,4–0,0.9,Athletic Club,45157,Spotify Camp Nou,Jose Maria Sánchez,/en/matches/4dfa8af6/Barcelona-Athletic-Club-November-22-2025-La-Liga,,4dfa8af6
ESP-La Liga,2526,2025-11-22 Osasuna-Real Sociedad,13,Sat,2025-11-22,18:30,Osasuna,1.1,1–3,1.6,Real Sociedad,21377,Estadio El Sadar,Mateo Busquets,/en/matches/5a54dd68/Osasuna-Real-Sociedad-November-22-2025-La-Liga,,5a54dd68
ESP-La Liga,2526,2025-11-22 Villarreal-Mallorca,13,Sat,2025-11-22,21:00,Villarreal,2.2,2–1,0.9,Mallorca,16854,Estadio de la Cerámica,José Guzmán,/en/matches/420389dd/Villarreal-Mallorca-November-22-2025-La-Liga,,420389dd
ESP-La Liga,2526,2025-11-23 Betis-Girona,13,Sun,2025-11-23,16:15,Betis,1.4,1–1,1.8,Girona,64268,Estadio La Cartuja de Sevilla,Iosu Galech,/en/matches/9741ae27/Real-Betis-Girona-November-23-2025-La-Liga,,9741ae27
ESP-La Liga,2526,2025-11-23 Elche-Real Madrid,13,Sun,2025-11-23,21:00,Elche,1.4,2–2,3.4,Real Madrid,31024,Estadio Manuel Martínez Valero,Francisco Hernández,/en/matches/5a7f1446/Elche-Real-Madrid-November-23-2025-La-Liga,,5a7f1446
ESP-La Liga,2526,2025-11-23 Getafe-Atlético Madrid,13,Sun,2025-11-23,18:30,Getafe,0.6,0–1,1.0,Atlético Madrid,9783,Coliseum Alfonso Pérez,Guillermo Cuadra,/en/matches/bbf0b969/Getafe-Atletico-Madrid-November-23-2025-La-Liga,,bbf0b969
ESP-La Liga,2526,2025-11-23 Oviedo-Rayo Vallecano,13,Sun,2025-11-23,14:00,Oviedo,0.4,0–0,1.7,Rayo Vallecano,23684,Estadio Nuevo Carlos Tartiere,Alejandro Quintero,/en/matches/b71d49f4/Oviedo-Rayo-Vallecano-November-23-2025-La-Liga,,b71d49f4
ESP-La Liga,2526,2025-11-24 Espanyol-Sevilla,13,Mon,2025-11-24,21:00,Espanyol,1.1,2–1,1.8,Sevilla,25166,RCDE Stadium,Miguel Sesma,/en/matches/0fea36e0/Espanyol-Sevilla-November-24-2025-La-Liga,,0fea36e0
ESP-La Liga,2526,2025-11-28 Getafe-Elche,14,Fri,2025-11-28,21:00,Getafe,1.0,1–0,0.5,Elche,7697,Coliseum Alfonso Pérez,Alejandro Hernández,/en/matches/e3e0f00b/Getafe-Elche-November-28-2025-La-Liga,,e3e0f00b
ESP-La Liga,2526,2025-11-29 Atlético Madrid-Oviedo,14,Sat,2025-11-29,21:00,Atlético Madrid,1.9,2–0,0.9,Oviedo,61305,Riyadh Air Metropolitan Stadium,Víctor Acosta,/en/matches/c7d4ed0a/Atletico-Madrid-Oviedo-November-29-2025-La-Liga,,c7d4ed0a
ESP-La Liga,2526,2025-11-29 Barcelona-Alavés,14,Sat,2025-11-29,16:15,Barcelona,2.2,3–1,1.5,Alavés,44834,Spotify Camp Nou,Miguel Ángel Ortiz Arias,/en/matches/29e7e630/Barcelona-Alaves-November-29-2025-La-Liga,,29e7e630
ESP-La Liga,2526,2025-11-29 Levante-Athletic Club,14,Sat,2025-11-29,18:30,Levante,1.3,0–2,2.9,Athletic Club,19848,Estadio Ciudad de Valencia,Adrián Cordero,/en/matches/47e1baed/Levante-Athletic-Club-November-29-2025-La-Liga,,47e1baed
ESP-La Liga,2526,2025-11-29 Mallorca-Osasuna,14,Sat,2025-11-29,14:00,Mallorca,1.5,2–2,1.1,Osasuna,15457,Estadi Mallorca Son Moix,Jesús Gil,/en/matches/6fbf6e83/Mallorca-Osasuna-November-29-2025-La-Liga,,6fbf6e83
ESP-La Liga,2526,2025-11-30 Celta Vigo-Espanyol,14,Sun,2025-11-30,18:30,Celta Vigo,0.6,0–1,0.4,Espanyol,20031,Estadio Abanca Balaídos,Isidro Díaz de Mera,/en/matches/37a9c994/Celta-Vigo-Espanyol-November-30-2025-La-Liga,,37a9c994
ESP-La Liga,2526,2025-11-30 Girona-Real Madrid,14,Sun,2025-11-30,21:00,Girona,0.8,1–1,2.5,Real Madrid,14005,Estadi Municipal de Montilivi,Ricardo de Burgos,/en/matches/75fff438/Girona-Real-Madrid-November-30-2025-La-Liga,,75fff438
ESP-La Liga,2526,2025-11-30 Real Sociedad-Villarreal,14,Sun,2025-11-30,14:00,Real Sociedad,1.0,2–3,1.5,Villarreal,30140,Reale Arena,César Soto,/en/matches/6c83e558/Real-Sociedad-Villarreal-November-30-2025-La-Liga,,6c83e558
ESP-La Liga,2526,2025-11-30 Sevilla-Betis,14,Sun,2025-11-30,16:15,Sevilla,0.3,0–2,1.1,Betis,42580,Estadio Ramón Sánchez Pizjuán,José Luis Munuera,/en/matches/1c4c6f80/Sevilla-Real-Betis-November-30-2025-La-Liga,,1c4c6f80
ESP-La Liga,2526,2025-12-01 Rayo Vallecano-Valencia,14,Mon,2025-12-01,21:00,Rayo Vallecano,1.5,1–1,0.6,Valencia,11267,Campo de Fútbol de Vallecas,Javier Alberola,/en/matches/535d6763/Rayo-Vallecano-Valencia-December-1-2025-La-Liga,,535d6763
ESP-La Liga,2526,2025-12-02 Barcelona-Atlético Madrid,19,Tue,2025-12-02,21:00,Barcelona,3.6,3–1,1.0,Atlético Madrid,45205,Spotify Camp Nou,Ricardo de Burgos,/en/matches/d2ff2a0d/Barcelona-Atletico-Madrid-December-2-2025-La-Liga,,d2ff2a0d
ESP-La Liga,2526,2025-12-03 Athletic Club-Real Madrid,19,Wed,2025-12-03,19:00,Athletic Club,0.8,0–3,2.0,Real Madrid,51313,San Mamés,Jesús Gil,/en/matches/261d9c63/Athletic-Club-Real-Madrid-December-3-2025-La-Liga,,261d9c63
ESP-La Liga,2526,2025-12-05 Oviedo-Mallorca,15,Fri,2025-12-05,21:00,Oviedo,,,,Mallorca,,Estadio Nuevo Carlos Tartiere,,,,
ESP-La Liga,2526,2025-12-06 Alavés-Real Sociedad,15,Sat,2025-12-06,16:15,Alavés,,,,Real Sociedad,,Estadio de Mendizorroza,,,,
ESP-La Liga,2526,2025-12-06 Athletic Club-Atlético Madrid,15,Sat,2025-12-06,21:00,Athletic Club,,,,Atlético Madrid,,San Mamés,,,,
ESP-La Liga,2526,2025-12-06 Betis-Barcelona,15,Sat,2025-12-06,18:30,Betis,,,,Barcelona,,Estadio La Cartuja de Sevilla,,,,
ESP-La Liga,2526,2025-12-06 Villarreal-Getafe,15,Sat,2025-12-06,14:00,Villarreal,,,,Getafe,,Estadio de la Cerámica,,,,
ESP-La Liga,2526,2025-12-07 Elche-Girona,15,Sun,2025-12-07,14:00,Elche,,,,Girona,,Estadio Manuel Martínez Valero,,,,
ESP-La Liga,2526,2025-12-07 Espanyol-Rayo Vallecano,15,Sun,2025-12-07,18:30,Espanyol,,,,Rayo Vallecano,,RCDE Stadium,,,,
ESP-La Liga,2526,2025-12-07 Real Madrid-Celta Vigo,15,Sun,2025-12-07,21:00,Real Madrid,,,,Celta Vigo,,Estadio Santiago Bernabéu,,,,
ESP-La Liga,2526,2025-12-07 Valencia-Sevilla,15,Sun,2025-12-07,16:15,Valencia,,,,Sevilla,,Estadio de Mestalla,,,,
ESP-La Liga,2526,2025-12-08 Osasuna-Levante,15,Mon,2025-12-08,21:00,Osasuna,,,,Levante,,Estadio El Sadar,,,,
ESP-La Liga,2526,2025-12-12 Real Sociedad-Girona,16,Fri,2025-12-12,21:00,Real Sociedad,,,,Girona,,Reale Arena,,,,
ESP-La Liga,2526,2025-12-13 Atlético Madrid-Valencia,16,Sat,2025-12-13,14:00,Atlético Madrid,,,,Valencia,,Riyadh Air Metropolitan Stadium,,,,
ESP-La Liga,2526,2025-12-13 Barcelona-Osasuna,16,Sat,2025-12-13,18:30,Barcelona,,,,Osasuna,,Spotify Camp Nou,,,,
ESP-La Liga,2526,2025-12-13 Getafe-Espanyol,16,Sat,2025-12-13,21:00,Getafe,,,,Espanyol,,Coliseum Alfonso Pérez,,,,
ESP-La Liga,2526,2025-12-13 Mallorca-Elche,16,Sat,2025-12-13,16:15,Mallorca,,,,Elche,,Estadi Mallorca Son Moix,,,,
ESP-La Liga,2526,2025-12-14 Alavés-Real Madrid,16,Sun,2025-12-14,21:00,Alavés,,,,Real Madrid,,Estadio de Mendizorroza,,,,
ESP-La Liga,2526,2025-12-14 Celta Vigo-Athletic Club,16,Sun,2025-12-14,16:15,Celta Vigo,,,,Athletic Club,,Estadio Abanca Balaídos,,,,
ESP-La Liga,2526,2025-12-14 Levante-Villarreal,16,Sun,2025-12-14,18:30,Levante,,,,Villarreal,,Estadio Ciudad de Valencia,,,,
ESP-La Liga,2526,2025-12-14 Sevilla-Oviedo,16,Sun,2025-12-14,14:00,Sevilla,,,,Oviedo,,Estadio Ramón Sánchez Pizjuán,,,,
ESP-La Liga,2526,2025-12-15 Rayo Vallecano-Betis,16,Mon,2025-12-15,21:00,Rayo Vallecano,,,,Betis,,Campo de Fútbol de Vallecas,,,,
ESP-La Liga,2526,2025-12-19 Valencia-Mallorca,17,Fri,2025-12-19,21:00,Valencia,,,,Mallorca,,Estadio de Mestalla,,,,
ESP-La Liga,2526,2025-12-20 Levante-Real Sociedad,17,Sat,2025-12-20,16:15,Levante,,,,Real Sociedad,,Estadio Ciudad de Valencia,,,,
ESP-La Liga,2526,2025-12-20 Osasuna-Alavés,17,Sat,2025-12-20,18:30,Osasuna,,,,Alavés,,Estadio El Sadar,,,,
ESP-La Liga,2526,2025-12-20 Oviedo-Celta Vigo,17,Sat,2025-12-20,14:00,Oviedo,,,,Celta Vigo,,Estadio Nuevo Carlos Tartiere,,,,
ESP-La Liga,2526,2025-12-20 Real Madrid-Sevilla,17,Sat,2025-12-20,21:00,Real Madrid,,,,Sevilla,,Estadio Santiago Bernabéu,,,,
ESP-La Liga,2526,2025-12-21 Betis-Getafe,17,Sun,2025-12-21,21:00,Betis,,,,Getafe,,Estadio La Cartuja de Sevilla,,,,
ESP-La Liga,2526,2025-12-21 Elche-Rayo Vallecano,17,Sun,2025-12-21,18:30,Elche,,,,Rayo Vallecano,,Estadio Manuel Martínez Valero,,,,
ESP-La Liga,2526,2025-12-21 Girona-Atlético Madrid,17,Sun,2025-12-21,14:00,Girona,,,,Atlético Madrid,,Estadi Municipal de Montilivi,,,,
ESP-La Liga,2526,2025-12-21 Villarreal-Barcelona,17,Sun,2025-12-21,16:15,Villarreal,,,,Barcelona,,Estadio de la Cerámica,,,,
ESP-La Liga,2526,2025-12-22 Athletic Club-Espanyol,17,Mon,2025-12-22,21:00,Athletic Club,,,,Espanyol,,San Mamés,,,,
ESP-La Liga,2526,2026-01-02 Rayo Vallecano-Getafe,18,Fri,2026-01-02,21:00,Rayo Vallecano,,,,Getafe,,Campo de Fútbol de Vallecas,,,,
ESP-La Liga,2526,2026-01-03 Celta Vigo-Valencia,18,Sat,2026-01-03,14:00,Celta Vigo,,,,Valencia,,Estadio Abanca Balaídos,,,,
ESP-La Liga,2526,2026-01-03 Elche-Villarreal,18,Sat,2026-01-03,18:30,Elche,,,,Villarreal,,Estadio Manuel Martínez Valero,,,,
ESP-La Liga,2526,2026-01-03 Espanyol-Barcelona,18,Sat,2026-01-03,21:00,Espanyol,,,,Barcelona,,RCDE Stadium,,,,
ESP-La Liga,2526,2026-01-03 Osasuna-Athletic Club,18,Sat,2026-01-03,16:15,Osasuna,,,,Athletic Club,,Estadio El Sadar,,,,
ESP-La Liga,2526,2026-01-04 Alavés-Oviedo,18,Sun,2026-01-04,18:30,Alavés,,,,Oviedo,,Estadio de Mendizorroza,,,,
ESP-La Liga,2526,2026-01-04 Mallorca-Girona,18,Sun,2026-01-04,18:30,Mallorca,,,,Girona,,Estadi Mallorca Son Moix,,,,
ESP-La Liga,2526,2026-01-04 Real Madrid-Betis,18,Sun,2026-01-04,16:15,Real Madrid,,,,Betis,,Estadio Santiago Bernabéu,,,,
ESP-La Liga,2526,2026-01-04 Real Sociedad-Atlético Madrid,18,Sun,2026-01-04,21:00,Real Sociedad,,,,Atlético Madrid,,Reale Arena,,,,
ESP-La Liga,2526,2026-01-04 Sevilla-Levante,18,Sun,2026-01-04,14:00,Sevilla,,,,Levante,,Estadio Ramón Sánchez Pizjuán,,,,
ESP-La Liga,2526,2026-01-11 Getafe-Real Sociedad,19,Sun,2026-01-11,,Getafe,,,,Real Sociedad,,Coliseum Alfonso Pérez,,,,
ESP-La Liga,2526,2026-01-11 Girona-Osasuna,19,Sun,2026-01-11,,Girona,,,,Osasuna,,Estadi Municipal de Montilivi,,,,
ESP-La Liga,2526,2026-01-11 Levante-Espanyol,19,Sun,2026-01-11,,Levante,,,,Espanyol,,Estadio Ciudad de Valencia,,,,
ESP-La Liga,2526,2026-01-11 Oviedo-Betis,19,Sun,2026-01-11,,Oviedo,,,,Betis,,Estadio Nuevo Carlos Tartiere,,,,
ESP-La Liga,2526,2026-01-11 Rayo Vallecano-Mallorca,19,Sun,2026-01-11,,Rayo Vallecano,,,,Mallorca,,Campo de Fútbol de Vallecas,,,,
ESP-La Liga,2526,2026-01-11 Sevilla-Celta Vigo,19,Sun,2026-01-11,,Sevilla,,,,Celta Vigo,,Estadio Ramón Sánchez Pizjuán,,,,
ESP-La Liga,2526,2026-01-11 Valencia-Elche,19,Sun,2026-01-11,,Valencia,,,,Elche,,Estadio de Mestalla,,,,
ESP-La Liga,2526,2026-01-11 Villarreal-Alavés,19,Sun,2026-01-11,,Villarreal,,,,Alavés,,Estadio de la Cerámica,,,,
ESP-La Liga,2526,2026-01-18 Atlético Madrid-Alavés,20,Sun,2026-01-18,,Atlético Madrid,,,,Alavés,,Riyadh Air Metropolitan Stadium,,,,
ESP-La Liga,2526,2026-01-18 Betis-Villarreal,20,Sun,2026-01-18,,Betis,,,,Villarreal,,Estadio La Cartuja de Sevilla,,,,
ESP-La Liga,2526,2026-01-18 Celta Vigo-Rayo Vallecano,20,Sun,2026-01-18,,Celta Vigo,,,,Rayo Vallecano,,Estadio Abanca Balaídos,,,,
ESP-La Liga,2526,2026-01-18 Elche-Sevilla,20,Sun,2026-01-18,,Elche,,,,Sevilla,,Estadio Manuel Martínez Valero,,,,
ESP-La Liga,2526,2026-01-18 Espanyol-Girona,20,Sun,2026-01-18,,Espanyol,,,,Girona,,RCDE Stadium,,,,
ESP-La Liga,2526,2026-01-18 Getafe-Valencia,20,Sun,2026-01-18,,Getafe,,,,Valencia,,Coliseum Alfonso Pérez,,,,
ESP-La Liga,2526,2026-01-18 Mallorca-Athletic Club,20,Sun,2026-01-18,,Mallorca,,,,Athletic Club,,Estadi Mallorca Son Moix,,,,
ESP-La Liga,2526,2026-01-18 Osasuna-Oviedo,20,Sun,2026-01-18,,Osasuna,,,,Oviedo,,Estadio El Sadar,,,,
ESP-La Liga,2526,2026-01-18 Real Madrid-Levante,20,Sun,2026-01-18,,Real Madrid,,,,Levante,,Estadio Santiago Bernabéu,,,,
ESP-La Liga,2526,2026-01-18 Real Sociedad-Barcelona,20,Sun,2026-01-18,,Real Sociedad,,,,Barcelona,,Reale Arena,,,,
ESP-La Liga,2526,2026-01-25 Alavés-Betis,21,Sun,2026-01-25,,Alavés,,,,Betis,,Estadio de Mendizorroza,,,,
ESP-La Liga,2526,2026-01-25 Atlético Madrid-Mallorca,21,Sun,2026-01-25,,Atlético Madrid,,,,Mallorca,,Riyadh Air Metropolitan Stadium,,,,
ESP-La Liga,2526,2026-01-25 Barcelona-Oviedo,21,Sun,2026-01-25,,Barcelona,,,,Oviedo,,Spotify Camp Nou,,,,
ESP-La Liga,2526,2026-01-25 Girona-Getafe,21,Sun,2026-01-25,,Girona,,,,Getafe,,Estadi Municipal de Montilivi,,,,
ESP-La Liga,2526,2026-01-25 Levante-Elche,21,Sun,2026-01-25,,Levante,,,,Elche,,Estadio Ciudad de Valencia,,,,
ESP-La Liga,2526,2026-01-25 Rayo Vallecano-Osasuna,21,Sun,2026-01-25,,Rayo Vallecano,,,,Osasuna,,Campo de Fútbol de Vallecas,,,,
ESP-La Liga,2526,2026-01-25 Real Sociedad-Celta Vigo,21,Sun,2026-01-25,,Real Sociedad,,,,Celta Vigo,,Reale Arena,,,,
ESP-La Liga,2526,2026-01-25 Sevilla-Athletic Club,21,Sun,2026-01-25,,Sevilla,,,,Athletic Club,,Estadio Ramón Sánchez Pizjuán,,,,
ESP-La Liga,2526,2026-01-25 Valencia-Espanyol,21,Sun,2026-01-25,,Valencia,,,,Espanyol,,Estadio de Mestalla,,,,
ESP-La Liga,2526,2026-01-25 Villarreal-Real Madrid,21,Sun,2026-01-25,,Villarreal,,,,Real Madrid,,Estadio de la Cerámica,,,,
ESP-La Liga,2526,2026-02-01 Athletic Club-Real Sociedad,22,Sun,2026-02-01,,Athletic Club,,,,Real Sociedad,,San Mamés,,,,
ESP-La Liga,2526,2026-02-01 Betis-Valencia,22,Sun,2026-02-01,,Betis,,,,Valencia,,Estadio La Cartuja de Sevilla,,,,
ESP-La Liga,2526,2026-02-01 Elche-Barcelona,22,Sun,2026-02-01,,Elche,,,,Barcelona,,Estadio Manuel Martínez Valero,,,,
ESP-La Liga,2526,2026-02-01 Espanyol-Alavés,22,Sun,2026-02-01,,Espanyol,,,,Alavés,,RCDE Stadium,,,,
ESP-La Liga,2526,2026-02-01 Getafe-Celta Vigo,22,Sun,2026-02-01,,Getafe,,,,Celta Vigo,,Coliseum Alfonso Pérez,,,,
ESP-La Liga,2526,2026-02-01 Levante-Atlético Madrid,22,Sun,2026-02-01,,Levante,,,,Atlético Madrid,,Estadio Ciudad de Valencia,,,,
ESP-La Liga,2526,2026-02-01 Mallorca-Sevilla,22,Sun,2026-02-01,,Mallorca,,,,Sevilla,,Estadi Mallorca Son Moix,,,,
ESP-La Liga,2526,2026-02-01 Osasuna-Villarreal,22,Sun,2026-02-01,,Osasuna,,,,Villarreal,,Estadio El Sadar,,,,
ESP-La Liga,2526,2026-02-01 Oviedo-Girona,22,Sun,2026-02-01,,Oviedo,,,,Girona,,Estadio Nuevo Carlos Tartiere,,,,
ESP-La Liga,2526,2026-02-01 Real Madrid-Rayo Vallecano,22,Sun,2026-02-01,,Real Madrid,,,,Rayo Vallecano,,Estadio Santiago Bernabéu,,,,
ESP-La Liga,2526,2026-02-08 Alavés-Getafe,23,Sun,2026-02-08,,Alavés,,,,Getafe,,Estadio de Mendizorroza,,,,
ESP-La Liga,2526,2026-02-08 Athletic Club-Levante,23,Sun,2026-02-08,,Athletic Club,,,,Levante,,San Mamés,,,,
ESP-La Liga,2526,2026-02-08 Atlético Madrid-Betis,23,Sun,2026-02-08,,Atlético Madrid,,,,Betis,,Riyadh Air Metropolitan Stadium,,,,
ESP-La Liga,2526,2026-02-08 Barcelona-Mallorca,23,Sun,2026-02-08,,Barcelona,,,,Mallorca,,Spotify Camp Nou,,,,
ESP-La Liga,2526,2026-02-08 Celta Vigo-Osasuna,23,Sun,2026-02-08,,Celta Vigo,,,,Osasuna,,Estadio Abanca Balaídos,,,,
ESP-La Liga,2526,2026-02-08 Rayo Vallecano-Oviedo,23,Sun,2026-02-08,,Rayo Vallecano,,,,Oviedo,,Campo de Fútbol de Vallecas,,,,
ESP-La Liga,2526,2026-02-08 Real Sociedad-Elche,23,Sun,2026-02-08,,Real Sociedad,,,,Elche,,Reale Arena,,,,
ESP-La Liga,2526,2026-02-08 Sevilla-Girona,23,Sun,2026-02-08,,Sevilla,,,,Girona,,Estadio Ramón Sánchez Pizjuán,,,,
ESP-La Liga,2526,2026-02-08 Valencia-Real Madrid,23,Sun,2026-02-08,,Valencia,,,,Real Madrid,,Estadio de Mestalla,,,,
ESP-La Liga,2526,2026-02-08 Villarreal-Espanyol,23,Sun,2026-02-08,,Villarreal,,,,Espanyol,,Estadio de la Cerámica,,,,
ESP-La Liga,2526,2026-02-15 Elche-Osasuna,24,Sun,2026-02-15,,Elche,,,,Osasuna,,Estadio Manuel Martínez Valero,,,,
ESP-La Liga,2526,2026-02-15 Espanyol-Celta Vigo,24,Sun,2026-02-15,,Espanyol,,,,Celta Vigo,,RCDE Stadium,,,,
ESP-La Liga,2526,2026-02-15 Getafe-Villarreal,24,Sun,2026-02-15,,Getafe,,,,Villarreal,,Coliseum Alfonso Pérez,,,,
ESP-La Liga,2526,2026-02-15 Girona-Barcelona,24,Sun,2026-02-15,,Girona,,,,Barcelona,,Estadi Municipal de Montilivi,,,,
ESP-La Liga,2526,2026-02-15 Levante-Valencia,24,Sun,2026-02-15,,Levante,,,,Valencia,,Estadio Ciudad de Valencia,,,,
ESP-La Liga,2526,2026-02-15 Mallorca-Betis,24,Sun,2026-02-15,,Mallorca,,,,Betis,,Estadi Mallorca Son Moix,,,,
ESP-La Liga,2526,2026-02-15 Oviedo-Athletic Club,24,Sun,2026-02-15,,Oviedo,,,,Athletic Club,,Estadio Nuevo Carlos Tartiere,,,,
ESP-La Liga,2526,2026-02-15 Rayo Vallecano-Atlético Madrid,24,Sun,2026-02-15,,Rayo Vallecano,,,,Atlético Madrid,,Campo de Fútbol de Vallecas,,,,
ESP-La Liga,2526,2026-02-15 Real Madrid-Real Sociedad,24,Sun,2026-02-15,,Real Madrid,,,,Real Sociedad,,Estadio Santiago Bernabéu,,,,
ESP-La Liga,2526,2026-02-15 Sevilla-Alavés,24,Sun,2026-02-15,,Sevilla,,,,Alavés,,Estadio Ramón Sánchez Pizjuán,,,,
ESP-La Liga,2526,2026-02-22 Alavés-Girona,25,Sun,2026-02-22,,Alavés,,,,Girona,,Estadio de Mendizorroza,,,,
ESP-La Liga,2526,2026-02-22 Athletic Club-Elche,25,Sun,2026-02-22,,Athletic Club,,,,Elche,,San Mamés,,,,
ESP-La Liga,2526,2026-02-22 Atlético Madrid-Espanyol,25,Sun,2026-02-22,,Atlético Madrid,,,,Espanyol,,Riyadh Air Metropolitan Stadium,,,,
ESP-La Liga,2526,2026-02-22 Barcelona-Levante,25,Sun,2026-02-22,,Barcelona,,,,Levante,,Spotify Camp Nou,,,,
ESP-La Liga,2526,2026-02-22 Betis-Rayo Vallecano,25,Sun,2026-02-22,,Betis,,,,Rayo Vallecano,,Estadio La Cartuja de Sevilla,,,,
ESP-La Liga,2526,2026-02-22 Celta Vigo-Mallorca,25,Sun,2026-02-22,,Celta Vigo,,,,Mallorca,,Estadio Abanca Balaídos,,,,
ESP-La Liga,2526,2026-02-22 Getafe-Sevilla,25,Sun,2026-02-22,,Getafe,,,,Sevilla,,Coliseum Alfonso Pérez,,,,
ESP-La Liga,2526,2026-02-22 Osasuna-Real Madrid,25,Sun,2026-02-22,,Osasuna,,,,Real Madrid,,Estadio El Sadar,,,,
ESP-La Liga,2526,2026-02-22 Real Sociedad-Oviedo,25,Sun,2026-02-22,,Real Sociedad,,,,Oviedo,,Reale Arena,,,,
ESP-La Liga,2526,2026-02-22 Villarreal-Valencia,25,Sun,2026-02-22,,Villarreal,,,,Valencia,,Estadio de la Cerámica,,,,
ESP-La Liga,2526,2026-03-01 Barcelona-Villarreal,26,Sun,2026-03-01,,Barcelona,,,,Villarreal,,Spotify Camp Nou,,,,
ESP-La Liga,2526,2026-03-01 Betis-Sevilla,26,Sun,2026-03-01,,Betis,,,,Sevilla,,Estadio La Cartuja de Sevilla,,,,
ESP-La Liga,2526,2026-03-01 Elche-Espanyol,26,Sun,2026-03-01,,Elche,,,,Espanyol,,Estadio Manuel Martínez Valero,,,,
ESP-La Liga,2526,2026-03-01 Girona-Celta Vigo,26,Sun,2026-03-01,,Girona,,,,Celta Vigo,,Estadi Municipal de Montilivi,,,,
ESP-La Liga,2526,2026-03-01 Levante-Alavés,26,Sun,2026-03-01,,Levante,,,,Alavés,,Estadio Ciudad de Valencia,,,,
ESP-La Liga,2526,2026-03-01 Mallorca-Real Sociedad,26,Sun,2026-03-01,,Mallorca,,,,Real Sociedad,,Estadi Mallorca Son Moix,,,,
ESP-La Liga,2526,2026-03-01 Oviedo-Atlético Madrid,26,Sun,2026-03-01,,Oviedo,,,,Atlético Madrid,,Estadio Nuevo Carlos Tartiere,,,,
ESP-La Liga,2526,2026-03-01 Rayo Vallecano-Athletic Club,26,Sun,2026-03-01,,Rayo Vallecano,,,,Athletic Club,,Campo de Fútbol de Vallecas,,,,
ESP-La Liga,2526,2026-03-01 Real Madrid-Getafe,26,Sun,2026-03-01,,Real Madrid,,,,Getafe,,Estadio Santiago Bernabéu,,,,
ESP-La Liga,2526,2026-03-01 Valencia-Osasuna,26,Sun,2026-03-01,,Valencia,,,,Osasuna,,Estadio de Mestalla,,,,
ESP-La Liga,2526,2026-03-08 Athletic Club-Barcelona,27,Sun,2026-03-08,,Athletic Club,,,,Barcelona,,San Mamés,,,,
ESP-La Liga,2526,2026-03-08 Atlético Madrid-Real Sociedad,27,Sun,2026-03-08,,Atlético Madrid,,,,Real Sociedad,,Riyadh Air Metropolitan Stadium,,,,
ESP-La Liga,2526,2026-03-08 Celta Vigo-Real Madrid,27,Sun,2026-03-08,,Celta Vigo,,,,Real Madrid,,Estadio Abanca Balaídos,,,,
ESP-La Liga,2526,2026-03-08 Espanyol-Oviedo,27,Sun,2026-03-08,,Espanyol,,,,Oviedo,,RCDE Stadium,,,,
ESP-La Liga,2526,2026-03-08 Getafe-Betis,27,Sun,2026-03-08,,Getafe,,,,Betis,,Coliseum Alfonso Pérez,,,,
ESP-La Liga,2526,2026-03-08 Levante-Girona,27,Sun,2026-03-08,,Levante,,,,Girona,,Estadio Ciudad de Valencia,,,,
ESP-La Liga,2526,2026-03-08 Osasuna-Mallorca,27,Sun,2026-03-08,,Osasuna,,,,Mallorca,,Estadio El Sadar,,,,
ESP-La Liga,2526,2026-03-08 Sevilla-Rayo Vallecano,27,Sun,2026-03-08,,Sevilla,,,,Rayo Vallecano,,Estadio Ramón Sánchez Pizjuán,,,,
ESP-La Liga,2526,2026-03-08 Valencia-Alavés,27,Sun,2026-03-08,,Valencia,,,,Alavés,,Estadio de Mestalla,,,,
ESP-La Liga,2526,2026-03-08 Villarreal-Elche,27,Sun,2026-03-08,,Villarreal,,,,Elche,,Estadio de la Cerámica,,,,
ESP-La Liga,2526,2026-03-15 Alavés-Villarreal,28,Sun,2026-03-15,,Alavés,,,,Villarreal,,Estadio de Mendizorroza,,,,
ESP-La Liga,2526,2026-03-15 Atlético Madrid-Getafe,28,Sun,2026-03-15,,Atlético Madrid,,,,Getafe,,Riyadh Air Metropolitan Stadium,,,,
ESP-La Liga,2526,2026-03-15 Barcelona-Sevilla,28,Sun,2026-03-15,,Barcelona,,,,Sevilla,,Spotify Camp Nou,,,,
ESP-La Liga,2526,2026-03-15 Betis-Celta Vigo,28,Sun,2026-03-15,,Betis,,,,Celta Vigo,,Estadio La Cartuja de Sevilla,,,,
ESP-La Liga,2526,2026-03-15 Girona-Athletic Club,28,Sun,2026-03-15,,Girona,,,,Athletic Club,,Estadi Municipal de Montilivi,,,,
ESP-La Liga,2526,2026-03-15 Mallorca-Espanyol,28,Sun,2026-03-15,,Mallorca,,,,Espanyol,,Estadi Mallorca Son Moix,,,,
ESP-La Liga,2526,2026-03-15 Oviedo-Valencia,28,Sun,2026-03-15,,Oviedo,,,,Valencia,,Estadio Nuevo Carlos Tartiere,,,,
ESP-La Liga,2526,2026-03-15 Rayo Vallecano-Levante,28,Sun,2026-03-15,,Rayo Vallecano,,,,Levante,,Campo de Fútbol de Vallecas,,,,
ESP-La Liga,2526,2026-03-15 Real Madrid-Elche,28,Sun,2026-03-15,,Real Madrid,,,,Elche,,Estadio Santiago Bernabéu,,,,
ESP-La Liga,2526,2026-03-15 Real Sociedad-Osasuna,28,Sun,2026-03-15,,Real Sociedad,,,,Osasuna,,Reale Arena,,,,
ESP-La Liga,2526,2026-03-22 Athletic Club-Betis,29,Sun,2026-03-22,,Athletic Club,,,,Betis,,San Mamés,,,,
ESP-La Liga,2526,2026-03-22 Barcelona-Rayo Vallecano,29,Sun,2026-03-22,,Barcelona,,,,Rayo Vallecano,,Spotify Camp Nou,,,,
ESP-La Liga,2526,2026-03-22 Celta Vigo-Alavés,29,Sun,2026-03-22,,Celta Vigo,,,,Alavés,,Estadio Abanca Balaídos,,,,
ESP-La Liga,2526,2026-03-22 Elche-Mallorca,29,Sun,2026-03-22,,Elche,,,,Mallorca,,Estadio Manuel Martínez Valero,,,,
ESP-La Liga,2526,2026-03-22 Espanyol-Getafe,29,Sun,2026-03-22,,Espanyol,,,,Getafe,,RCDE Stadium,,,,
ESP-La Liga,2526,2026-03-22 Levante-Oviedo,29,Sun,2026-03-22,,Levante,,,,Oviedo,,Estadio Ciudad de Valencia,,,,
ESP-La Liga,2526,2026-03-22 Osasuna-Girona,29,Sun,2026-03-22,,Osasuna,,,,Girona,,Estadio El Sadar,,,,
ESP-La Liga,2526,2026-03-22 Real Madrid-Atlético Madrid,29,Sun,2026-03-22,,Real Madrid,,,,Atlético Madrid,,Estadio Santiago Bernabéu,,,,
ESP-La Liga,2526,2026-03-22 Sevilla-Valencia,29,Sun,2026-03-22,,Sevilla,,,,Valencia,,Estadio Ramón Sánchez Pizjuán,,,,
ESP-La Liga,2526,2026-03-22 Villarreal-Real Sociedad,29,Sun,2026-03-22,,Villarreal,,,,Real Sociedad,,Estadio de la Cerámica,,,,
ESP-La Liga,2526,2026-04-05 Alavés-Osasuna,30,Sun,2026-04-05,,Alavés,,,,Osasuna,,Estadio de Mendizorroza,,,,
ESP-La Liga,2526,2026-04-05 Atlético Madrid-Barcelona,30,Sun,2026-04-05,,Atlético Madrid,,,,Barcelona,,Riyadh Air Metropolitan Stadium,,,,
ESP-La Liga,2526,2026-04-05 Betis-Espanyol,30,Sun,2026-04-05,,Betis,,,,Espanyol,,Estadio La Cartuja de Sevilla,,,,
ESP-La Liga,2526,2026-04-05 Getafe-Athletic Club,30,Sun,2026-04-05,,Getafe,,,,Athletic Club,,Coliseum Alfonso Pérez,,,,
ESP-La Liga,2526,2026-04-05 Girona-Villarreal,30,Sun,2026-04-05,,Girona,,,,Villarreal,,Estadi Municipal de Montilivi,,,,
ESP-La Liga,2526,2026-04-05 Mallorca-Real Madrid,30,Sun,2026-04-05,,Mallorca,,,,Real Madrid,,Estadi Mallorca Son Moix,,,,
ESP-La Liga,2526,2026-04-05 Oviedo-Sevilla,30,Sun,2026-04-05,,Oviedo,,,,Sevilla,,Estadio Nuevo Carlos Tartiere,,,,
ESP-La Liga,2526,2026-04-05 Rayo Vallecano-Elche,30,Sun,2026-04-05,,Rayo Vallecano,,,,Elche,,Campo de Fútbol de Vallecas,,,,
ESP-La Liga,2526,2026-04-05 Real Sociedad-Levante,30,Sun,2026-04-05,,Real Sociedad,,,,Levante,,Reale Arena,,,,
ESP-La Liga,2526,2026-04-05 Valencia-Celta Vigo,30,Sun,2026-04-05,,Valencia,,,,Celta Vigo,,Estadio de Mestalla,,,,
ESP-La Liga,2526,2026-04-12 Athletic Club-Villarreal,31,Sun,2026-04-12,,Athletic Club,,,,Villarreal,,San Mamés,,,,
ESP-La Liga,2526,2026-04-12 Barcelona-Espanyol,31,Sun,2026-04-12,,Barcelona,,,,Espanyol,,Spotify Camp Nou,,,,
ESP-La Liga,2526,2026-04-12 Celta Vigo-Oviedo,31,Sun,2026-04-12,,Celta Vigo,,,,Oviedo,,Estadio Abanca Balaídos,,,,
ESP-La Liga,2526,2026-04-12 Elche-Valencia,31,Sun,2026-04-12,,Elche,,,,Valencia,,Estadio Manuel Martínez Valero,,,,
ESP-La Liga,2526,2026-04-12 Levante-Getafe,31,Sun,2026-04-12,,Levante,,,,Getafe,,Estadio Ciudad de Valencia,,,,
ESP-La Liga,2526,2026-04-12 Mallorca-Rayo Vallecano,31,Sun,2026-04-12,,Mallorca,,,,Rayo Vallecano,,Estadi Mallorca Son Moix,,,,
ESP-La Liga,2526,2026-04-12 Osasuna-Betis,31,Sun,2026-04-12,,Osasuna,,,,Betis,,Estadio El Sadar,,,,
ESP-La Liga,2526,2026-04-12 Real Madrid-Girona,31,Sun,2026-04-12,,Real Madrid,,,,Girona,,Estadio Santiago Bernabéu,,,,
ESP-La Liga,2526,2026-04-12 Real Sociedad-Alavés,31,Sun,2026-04-12,,Real Sociedad,,,,Alavés,,Reale Arena,,,,
ESP-La Liga,2526,2026-04-12 Sevilla-Atlético Madrid,31,Sun,2026-04-12,,Sevilla,,,,Atlético Madrid,,Estadio Ramón Sánchez Pizjuán,,,,
ESP-La Liga,2526,2026-04-19 Alavés-Mallorca,32,Sun,2026-04-19,,Alavés,,,,Mallorca,,Estadio de Mendizorroza,,,,
ESP-La Liga,2526,2026-04-19 Atlético Madrid-Athletic Club,32,Sun,2026-04-19,,Atlético Madrid,,,,Athletic Club,,Riyadh Air Metropolitan Stadium,,,,
ESP-La Liga,2526,2026-04-19 Betis-Real Madrid,32,Sun,2026-04-19,,Betis,,,,Real Madrid,,Estadio La Cartuja de Sevilla,,,,
ESP-La Liga,2526,2026-04-19 Espanyol-Levante,32,Sun,2026-04-19,,Espanyol,,,,Levante,,RCDE Stadium,,,,
ESP-La Liga,2526,2026-04-19 Getafe-Barcelona,32,Sun,2026-04-19,,Getafe,,,,Barcelona,,Coliseum Alfonso Pérez,,,,
ESP-La Liga,2526,2026-04-19 Osasuna-Sevilla,32,Sun,2026-04-19,,Osasuna,,,,Sevilla,,Estadio El Sadar,,,,
ESP-La Liga,2526,2026-04-19 Oviedo-Elche,32,Sun,2026-04-19,,Oviedo,,,,Elche,,Estadio Nuevo Carlos Tartiere,,,,
ESP-La Liga,2526,2026-04-19 Rayo Vallecano-Real Sociedad,32,Sun,2026-04-19,,Rayo Vallecano,,,,Real Sociedad,,Campo de Fútbol de Vallecas,,,,
ESP-La Liga,2526,2026-04-19 Valencia-Girona,32,Sun,2026-04-19,,Valencia,,,,Girona,,Estadio de Mestalla,,,,
ESP-La Liga,2526,2026-04-19 Villarreal-Celta Vigo,32,Sun,2026-04-19,,Villarreal,,,,Celta Vigo,,Estadio de la Cerámica,,,,
ESP-La Liga,2526,2026-04-22 Athletic Club-Osasuna,33,Wed,2026-04-22,,Athletic Club,,,,Osasuna,,San Mamés,,,,
ESP-La Liga,2526,2026-04-22 Barcelona-Celta Vigo,33,Wed,2026-04-22,,Barcelona,,,,Celta Vigo,,Spotify Camp Nou,,,,
ESP-La Liga,2526,2026-04-22 Elche-Atlético Madrid,33,Wed,2026-04-22,,Elche,,,,Atlético Madrid,,Estadio Manuel Martínez Valero,,,,
ESP-La Liga,2526,2026-04-22 Girona-Betis,33,Wed,2026-04-22,,Girona,,,,Betis,,Estadi Municipal de Montilivi,,,,
ESP-La Liga,2526,2026-04-22 Levante-Sevilla,33,Wed,2026-04-22,,Levante,,,,Sevilla,,Estadio Ciudad de Valencia,,,,
ESP-La Liga,2526,2026-04-22 Mallorca-Valencia,33,Wed,2026-04-22,,Mallorca,,,,Valencia,,Estadi Mallorca Son Moix,,,,
ESP-La Liga,2526,2026-04-22 Oviedo-Villarreal,33,Wed,2026-04-22,,Oviedo,,,,Villarreal,,Estadio Nuevo Carlos Tartiere,,,,
ESP-La Liga,2526,2026-04-22 Rayo Vallecano-Espanyol,33,Wed,2026-04-22,,Rayo Vallecano,,,,Espanyol,,Campo de Fútbol de Vallecas,,,,
ESP-La Liga,2526,2026-04-22 Real Madrid-Alavés,33,Wed,2026-04-22,,Real Madrid,,,,Alavés,,Estadio Santiago Bernabéu,,,,
ESP-La Liga,2526,2026-04-22 Real Sociedad-Getafe,33,Wed,2026-04-22,,Real Sociedad,,,,Getafe,,Reale Arena,,,,
ESP-La Liga,2526,2026-05-03 Alavés-Athletic Club,34,Sun,2026-05-03,,Alavés,,,,Athletic Club,,Estadio de Mendizorroza,,,,
ESP-La Liga,2526,2026-05-03 Betis-Oviedo,34,Sun,2026-05-03,,Betis,,,,Oviedo,,Estadio La Cartuja de Sevilla,,,,
ESP-La Liga,2526,2026-05-03 Celta Vigo-Elche,34,Sun,2026-05-03,,Celta Vigo,,,,Elche,,Estadio Abanca Balaídos,,,,
ESP-La Liga,2526,2026-05-03 Espanyol-Real Madrid,34,Sun,2026-05-03,,Espanyol,,,,Real Madrid,,RCDE Stadium,,,,
ESP-La Liga,2526,2026-05-03 Getafe-Rayo Vallecano,34,Sun,2026-05-03,,Getafe,,,,Rayo Vallecano,,Coliseum Alfonso Pérez,,,,
ESP-La Liga,2526,2026-05-03 Girona-Mallorca,34,Sun,2026-05-03,,Girona,,,,Mallorca,,Estadi Municipal de Montilivi,,,,
ESP-La Liga,2526,2026-05-03 Osasuna-Barcelona,34,Sun,2026-05-03,,Osasuna,,,,Barcelona,,Estadio El Sadar,,,,
ESP-La Liga,2526,2026-05-03 Sevilla-Real Sociedad,34,Sun,2026-05-03,,Sevilla,,,,Real Sociedad,,Estadio Ramón Sánchez Pizjuán,,,,
ESP-La Liga,2526,2026-05-03 Valencia-Atlético Madrid,34,Sun,2026-05-03,,Valencia,,,,Atlético Madrid,,Estadio de Mestalla,,,,
ESP-La Liga,2526,2026-05-03 Villarreal-Levante,34,Sun,2026-05-03,,Villarreal,,,,Levante,,Estadio de la Cerámica,,,,
ESP-La Liga,2526,2026-05-10 Athletic Club-Valencia,35,Sun,2026-05-10,,Athletic Club,,,,Valencia,,San Mamés,,,,
ESP-La Liga,2526,2026-05-10 Atlético Madrid-Celta Vigo,35,Sun,2026-05-10,,Atlético Madrid,,,,Celta Vigo,,Riyadh Air Metropolitan Stadium,,,,
ESP-La Liga,2526,2026-05-10 Barcelona-Real Madrid,35,Sun,2026-05-10,,Barcelona,,,,Real Madrid,,Spotify Camp Nou,,,,
ESP-La Liga,2526,2026-05-10 Elche-Alavés,35,Sun,2026-05-10,,Elche,,,,Alavés,,Estadio Manuel Martínez Valero,,,,
ESP-La Liga,2526,2026-05-10 Levante-Osasuna,35,Sun,2026-05-10,,Levante,,,,Osasuna,,Estadio Ciudad de Valencia,,,,
ESP-La Liga,2526,2026-05-10 Mallorca-Villarreal,35,Sun,2026-05-10,,Mallorca,,,,Villarreal,,Estadi Mallorca Son Moix,,,,
ESP-La Liga,2526,2026-05-10 Oviedo-Getafe,35,Sun,2026-05-10,,Oviedo,,,,Getafe,,Estadio Nuevo Carlos Tartiere,,,,
ESP-La Liga,2526,2026-05-10 Rayo Vallecano-Girona,35,Sun,2026-05-10,,Rayo Vallecano,,,,Girona,,Campo de Fútbol de Vallecas,,,,
ESP-La Liga,2526,2026-05-10 Real Sociedad-Betis,35,Sun,2026-05-10,,Real Sociedad,,,,Betis,,Reale Arena,,,,
ESP-La Liga,2526,2026-05-10 Sevilla-Espanyol,35,Sun,2026-05-10,,Sevilla,,,,Espanyol,,Estadio Ramón Sánchez Pizjuán,,,,
ESP-La Liga,2526,2026-05-13 Alavés-Barcelona,36,Wed,2026-05-13,,Alavés,,,,Barcelona,,Estadio de Mendizorroza,,,,
ESP-La Liga,2526,2026-05-13 Betis-Elche,36,Wed,2026-05-13,,Betis,,,,Elche,,Estadio La Cartuja de Sevilla,,,,
ESP-La Liga,2526,2026-05-13 Celta Vigo-Levante,36,Wed,2026-05-13,,Celta Vigo,,,,Levante,,Estadio Abanca Balaídos,,,,
ESP-La Liga,2526,2026-05-13 Espanyol-Athletic Club,36,Wed,2026-05-13,,Espanyol,,,,Athletic Club,,RCDE Stadium,,,,
ESP-La Liga,2526,2026-05-13 Getafe-Mallorca,36,Wed,2026-05-13,,Getafe,,,,Mallorca,,Coliseum Alfonso Pérez,,,,
ESP-La Liga,2526,2026-05-13 Girona-Real Sociedad,36,Wed,2026-05-13,,Girona,,,,Real Sociedad,,Estadi Municipal de Montilivi,,,,
ESP-La Liga,2526,2026-05-13 Osasuna-Atlético Madrid,36,Wed,2026-05-13,,Osasuna,,,,Atlético Madrid,,Estadio El Sadar,,,,
ESP-La Liga,2526,2026-05-13 Real Madrid-Oviedo,36,Wed,2026-05-13,,Real Madrid,,,,Oviedo,,Estadio Santiago Bernabéu,,,,
ESP-La Liga,2526,2026-05-13 Valencia-Rayo Vallecano,36,Wed,2026-05-13,,Valencia,,,,Rayo Vallecano,,Estadio de Mestalla,,,,
ESP-La Liga,2526,2026-05-13 Villarreal-Sevilla,36,Wed,2026-05-13,,Villarreal,,,,Sevilla,,Estadio de la Cerámica,,,,
ESP-La Liga,2526,2026-05-17 Athletic Club-Celta Vigo,37,Sun,2026-05-17,,Athletic Club,,,,Celta Vigo,,San Mamés,,,,
ESP-La Liga,2526,2026-05-17 Atlético Madrid-Girona,37,Sun,2026-05-17,,Atlético Madrid,,,,Girona,,Riyadh Air Metropolitan Stadium,,,,
ESP-La Liga,2526,2026-05-17 Barcelona-Betis,37,Sun,2026-05-17,,Barcelona,,,,Betis,,Spotify Camp Nou,,,,
ESP-La Liga,2526,2026-05-17 Elche-Getafe,37,Sun,2026-05-17,,Elche,,,,Getafe,,Estadio Manuel Martínez Valero,,,,
ESP-La Liga,2526,2026-05-17 Levante-Mallorca,37,Sun,2026-05-17,,Levante,,,,Mallorca,,Estadio Ciudad de Valencia,,,,
ESP-La Liga,2526,2026-05-17 Osasuna-Espanyol,37,Sun,2026-05-17,,Osasuna,,,,Espanyol,,Estadio El Sadar,,,,
ESP-La Liga,2526,2026-05-17 Oviedo-Alavés,37,Sun,2026-05-17,,Oviedo,,,,Alavés,,Estadio Nuevo Carlos Tartiere,,,,
ESP-La Liga,2526,2026-05-17 Rayo Vallecano-Villarreal,37,Sun,2026-05-17,,Rayo Vallecano,,,,Villarreal,,Campo de Fútbol de Vallecas,,,,
ESP-La Liga,2526,2026-05-17 Real Sociedad-Valencia,37,Sun,2026-05-17,,Real Sociedad,,,,Valencia,,Reale Arena,,,,
ESP-La Liga,2526,2026-05-17 Sevilla-Real Madrid,37,Sun,2026-05-17,,Sevilla,,,,Real Madrid,,Estadio Ramón Sánchez Pizjuán,,,,
ESP-La Liga,2526,2026-05-24 Alavés-Rayo Vallecano,38,Sun,2026-05-24,,Alavés,,,,Rayo Vallecano,,Estadio de Mendizorroza,,,,
ESP-La Liga,2526,2026-05-24 Betis-Levante,38,Sun,2026-05-24,,Betis,,,,Levante,,Estadio La Cartuja de Sevilla,,,,
ESP-La Liga,2526,2026-05-24 Celta Vigo-Sevilla,38,Sun,2026-05-24,,Celta Vigo,,,,Sevilla,,Estadio Abanca Balaídos,,,,
ESP-La Liga,2526,2026-05-24 Espanyol-Real Sociedad,38,Sun,2026-05-24,,Espanyol,,,,Real Sociedad,,RCDE Stadium,,,,
ESP-La Liga,2526,2026-05-24 Getafe-Osasuna,38,Sun,2026-05-24,,Getafe,,,,Osasuna,,Coliseum Alfonso Pérez,,,,
ESP-La Liga,2526,2026-05-24 Girona-Elche,38,Sun,2026-05-24,,Girona,,,,Elche,,Estadi Municipal de Montilivi,,,,
ESP-La Liga,2526,2026-05-24 Mallorca-Oviedo,38,Sun,2026-05-24,,Mallorca,,,,Oviedo,,Estadi Mallorca Son Moix,,,,
ESP-La Liga,2526,2026-05-24 Real Madrid-Athletic Club,38,Sun,2026-05-24,,Real Madrid,,,,Athletic Club,,Estadio Santiago Bernabéu,,,,
ESP-La Liga,2526,2026-05-24 Valencia-Barcelona,38,Sun,2026-05-24,,Valencia,,,,Barcelona,,Estadio de Mestalla,,,,
ESP-La Liga,2526,2026-05-24 Villarreal-Atlético Madrid,38,Sun,2026-05-24,,Villarreal,,,,Atlético Madrid,,Estadio de la Cerámica,,,,
