league,season,game,week,day,date,time,home_team,home_xg,score,away_xg,away_team,attendance,venue,referee,match_report,notes,game_id
FRA-Ligue 1,2526,2025-08-15 Rennes-Marseille,1,Fri,2025-08-15,20:45,Rennes,1.5,1–0,1.7,Marseille,28360,Roazhon Park,Jérémie Pignard,/en/matches/fbd5fc84/Rennes-Marseille-August-15-2025-Ligue-1,,fbd5fc84
FRA-Ligue 1,2526,2025-08-16 Lens-Lyon,1,Sat,2025-08-16,17:00,Lens,1.4,0–1,1.4,Lyon,38137,Stade Bollaert-Delelis,Romain Lissorgue,/en/matches/5959d3ad/Lens-Lyon-August-16-2025-Ligue-1,,5959d3ad
FRA-Ligue 1,2526,2025-08-16 Monaco-Le Havre,1,Sat,2025-08-16,19:00,Monaco,1.8,3–1,0.6,Le Havre,11734,Stade Louis II,Ruddy Buquet,/en/matches/772d8629/Monaco-Le-Havre-August-16-2025-Ligue-1,,772d8629
FRA-Ligue 1,2526,2025-08-16 Nice-Toulouse,1,Sat,2025-08-16,21:05,Nice,0.8,0–1,0.6,Toulouse,23212,Allianz Riviera,Thomas Léonard,/en/matches/086666a1/Nice-Toulouse-August-16-2025-Ligue-1,,086666a1
FRA-Ligue 1,2526,2025-08-17 Angers-Paris FC,1,Sun,2025-08-17,17:15,Angers,1.0,1–0,0.9,Paris FC,12168,Stade Raymond Kopa,François Letexier,/en/matches/c69996e3/Angers-Paris-FC-August-17-2025-Ligue-1,,c69996e3
FRA-Ligue 1,2526,2025-08-17 Auxerre-Lorient,1,Sun,2025-08-17,17:15,Auxerre,1.3,1–0,1.3,Lorient,16090,Stade de l'Abbé Deschamps,Abdelatif Kherradji,/en/matches/460d3465/Auxerre-Lorient-August-17-2025-Ligue-1,,460d3465
FRA-Ligue 1,2526,2025-08-17 Brest-Lille,1,Sun,2025-08-17,15:00,Brest,1.9,3–3,1.6,Lille,14840,Stade Francis-Le Blé,Clément Turpin,/en/matches/d26fb352/Brest-Lille-August-17-2025-Ligue-1,,d26fb352
FRA-Ligue 1,2526,2025-08-17 Metz-Strasbourg,1,Sun,2025-08-17,17:15,Metz,0.3,0–1,0.6,Strasbourg,25009,Stade Saint-Symphorien,Mathieu Vernice,/en/matches/df64d32a/Metz-Strasbourg-August-17-2025-Ligue-1,,df64d32a
FRA-Ligue 1,2526,2025-08-17 Nantes-Paris S-G,1,Sun,2025-08-17,20:45,Nantes,0.1,0–1,1.4,Paris S-G,34053,Stade de la Beaujoire - Louis Fonteneau,Benoît Bastien,/en/matches/8ed2fa41/Nantes-Paris-Saint-Germain-August-17-2025-Ligue-1,,8ed2fa41
FRA-Ligue 1,2526,2025-08-22 Paris S-G-Angers,2,Fri,2025-08-22,20:45,Paris S-G,1.8,1–0,0.2,Angers,47401,Parc des Princes,Hakim Ben El Hadj Salem,/en/matches/d1b5836d/Paris-Saint-Germain-Angers-August-22-2025-Ligue-1,,d1b5836d
FRA-Ligue 1,2526,2025-08-23 Lyon-Metz,2,Sat,2025-08-23,21:05,Lyon,2.8,3–0,0.6,Metz,49853,Groupama Stadium,Eric Wattellier,/en/matches/6df797c8/Lyon-Metz-August-23-2025-Ligue-1,,6df797c8
FRA-Ligue 1,2526,2025-08-23 Marseille-Paris FC,2,Sat,2025-08-23,17:00,Marseille,2.3,5–2,1.1,Paris FC,64074,Orange Vélodrome,Marc Bollengier,/en/matches/7c56af85/Marseille-Paris-FC-August-23-2025-Ligue-1,,7c56af85
FRA-Ligue 1,2526,2025-08-23 Nice-Auxerre,2,Sat,2025-08-23,19:00,Nice,1.9,3–1,1.5,Auxerre,22175,Allianz Riviera,Jeremy Stinat,/en/matches/1a63326e/Nice-Auxerre-August-23-2025-Ligue-1,,1a63326e
FRA-Ligue 1,2526,2025-08-24 Le Havre-Lens,2,Sun,2025-08-24,17:15,Le Havre,1.7,1–2,1.1,Lens,19375,Stade Océane,Guillaume Paradis,/en/matches/ecb4ebba/Le-Havre-Lens-August-24-2025-Ligue-1,,ecb4ebba
FRA-Ligue 1,2526,2025-08-24 Lille-Monaco,2,Sun,2025-08-24,20:45,Lille,2.9,1–0,1.2,Monaco,43549,Decathlon Arena - Stade Pierre-Mauroy,Willy Delajod,/en/matches/1c61c286/Lille-Monaco-August-24-2025-Ligue-1,,1c61c286
FRA-Ligue 1,2526,2025-08-24 Lorient-Rennes,2,Sun,2025-08-24,15:00,Lorient,2.9,4–0,0.1,Rennes,12343,Stade Yves Allainmat,Jérôme Brisard,/en/matches/c085ae64/Lorient-Rennes-August-24-2025-Ligue-1,,c085ae64
FRA-Ligue 1,2526,2025-08-24 Strasbourg-Nantes,2,Sun,2025-08-24,17:15,Strasbourg,1.8,1–0,0.4,Nantes,22468,Stade de la Meinau,Bastien Dechepy,/en/matches/f5b0aa33/Strasbourg-Nantes-August-24-2025-Ligue-1,,f5b0aa33
FRA-Ligue 1,2526,2025-08-24 Toulouse-Brest,2,Sun,2025-08-24,17:15,Toulouse,1.3,2–0,0.9,Brest,23158,Stadium de Toulouse,Benoît Millot,/en/matches/d9a23dcd/Toulouse-Brest-August-24-2025-Ligue-1,,d9a23dcd
FRA-Ligue 1,2526,2025-08-29 Lens-Brest,3,Fri,2025-08-29,20:45,Lens,3.8,3–1,1.1,Brest,37232,Stade Bollaert-Delelis,Abdelatif Kherradji,/en/matches/ccf514b7/Lens-Brest-August-29-2025-Ligue-1,,ccf514b7
FRA-Ligue 1,2526,2025-08-30 Lorient-Lille,3,Sat,2025-08-30,17:00,Lorient,1.1,1–7,3.5,Lille,15512,Stade Yves Allainmat,Romain Lissorgue,/en/matches/fecb23de/Lorient-Lille-August-30-2025-Ligue-1,,fecb23de
FRA-Ligue 1,2526,2025-08-30 Nantes-Auxerre,3,Sat,2025-08-30,19:00,Nantes,0.5,1–0,0.7,Auxerre,28784,Stade de la Beaujoire - Louis Fonteneau,Stéphanie Frappart,/en/matches/9db213a2/Nantes-Auxerre-August-30-2025-Ligue-1,,9db213a2
FRA-Ligue 1,2526,2025-08-30 Toulouse-Paris S-G,3,Sat,2025-08-30,21:05,Toulouse,2.2,3–6,2.6,Paris S-G,31515,Stadium de Toulouse,Eric Wattellier,/en/matches/3a38fbf2/Toulouse-Paris-Saint-Germain-August-30-2025-Ligue-1,,3a38fbf2
FRA-Ligue 1,2526,2025-08-31 Angers-Rennes,3,Sun,2025-08-31,15:00,Angers,1.2,1–1,1.5,Rennes,11512,Stade Raymond Kopa,Marc Bollengier,/en/matches/e7cbffb3/Angers-Rennes-August-31-2025-Ligue-1,,e7cbffb3
FRA-Ligue 1,2526,2025-08-31 Le Havre-Nice,3,Sun,2025-08-31,17:15,Le Havre,2.6,3–1,0.6,Nice,16513,Stade Océane,Jérôme Brisard,/en/matches/d7190d58/Le-Havre-Nice-August-31-2025-Ligue-1,,d7190d58
FRA-Ligue 1,2526,2025-08-31 Lyon-Marseille,3,Sun,2025-08-31,20:45,Lyon,2.3,1–0,0.8,Marseille,52095,Groupama Stadium,François Letexier,/en/matches/2e7d7c7d/Choc-des-Olympiques-Lyon-Marseille-August-31-2025-Ligue-1,,2e7d7c7d
FRA-Ligue 1,2526,2025-08-31 Monaco-Strasbourg,3,Sun,2025-08-31,17:15,Monaco,1.9,3–2,1.6,Strasbourg,8718,Stade Louis II,Benoît Bastien,/en/matches/9fadc7e1/Monaco-Strasbourg-August-31-2025-Ligue-1,,9fadc7e1
FRA-Ligue 1,2526,2025-08-31 Paris FC-Metz,3,Sun,2025-08-31,17:15,Paris FC,3.2,3–2,1.8,Metz,17345,Stade Jean-Bouin,Gaël Angoula,/en/matches/adae2347/Paris-FC-Metz-August-31-2025-Ligue-1,,adae2347
FRA-Ligue 1,2526,2025-09-12 Marseille-Lorient,4,Fri,2025-09-12,20:45,Marseille,2.2,4–0,0.1,Lorient,64098,Orange Vélodrome,Thomas Léonard,/en/matches/eaff4ee4/Marseille-Lorient-September-12-2025-Ligue-1,,eaff4ee4
FRA-Ligue 1,2526,2025-09-13 Auxerre-Monaco,4,Sat,2025-09-13,21:05,Auxerre,0.9,1–2,1.4,Monaco,16703,Stade de l'Abbé Deschamps,Romain Lissorgue,/en/matches/f3a8d388/Auxerre-Monaco-September-13-2025-Ligue-1,,f3a8d388
FRA-Ligue 1,2526,2025-09-13 Nice-Nantes,4,Sat,2025-09-13,17:00,Nice,1.7,1–0,0.8,Nantes,20096,Allianz Riviera,Guillaume Paradis,/en/matches/3bd330c7/Nice-Nantes-September-13-2025-Ligue-1,,3bd330c7
FRA-Ligue 1,2526,2025-09-14 Brest-Paris FC,4,Sun,2025-09-14,17:15,Brest,2.5,1–2,1.6,Paris FC,14594,Stade Francis-Le Blé,Bastien Dechepy,/en/matches/52e5e5bd/Brest-Paris-FC-September-14-2025-Ligue-1,,52e5e5bd
FRA-Ligue 1,2526,2025-09-14 Lille-Toulouse,4,Sun,2025-09-14,15:00,Lille,2.1,2–1,0.8,Toulouse,42576,Decathlon Arena - Stade Pierre-Mauroy,Jeremy Stinat,/en/matches/6c0057cb/Lille-Toulouse-September-14-2025-Ligue-1,,6c0057cb
FRA-Ligue 1,2526,2025-09-14 Metz-Angers,4,Sun,2025-09-14,17:15,Metz,1.7,1–1,2.4,Angers,21107,Stade Saint-Symphorien,Benoît Millot,/en/matches/80b1df7f/Metz-Angers-September-14-2025-Ligue-1,,80b1df7f
FRA-Ligue 1,2526,2025-09-14 Paris S-G-Lens,4,Sun,2025-09-14,17:15,Paris S-G,1.1,2–0,1.5,Lens,47642,Parc des Princes,Jérémie Pignard,/en/matches/e8f63a9b/Paris-Saint-Germain-Lens-September-14-2025-Ligue-1,,e8f63a9b
FRA-Ligue 1,2526,2025-09-14 Rennes-Lyon,4,Sun,2025-09-14,20:45,Rennes,2.1,3–1,1.7,Lyon,27392,Roazhon Park,Ruddy Buquet,/en/matches/e8a7d6a7/Rennes-Lyon-September-14-2025-Ligue-1,,e8a7d6a7
FRA-Ligue 1,2526,2025-09-14 Strasbourg-Le Havre,4,Sun,2025-09-14,17:15,Strasbourg,1.4,1–0,0.6,Le Havre,26000,Stade de la Meinau,Willy Delajod,/en/matches/78ee6527/Strasbourg-Le-Havre-September-14-2025-Ligue-1,,78ee6527
FRA-Ligue 1,2526,2025-09-19 Lyon-Angers,5,Fri,2025-09-19,20:45,Lyon,1.8,1–0,1.0,Angers,44437,Groupama Stadium,Clément Turpin,/en/matches/3d321db7/Lyon-Angers-September-19-2025-Ligue-1,,3d321db7
FRA-Ligue 1,2526,2025-09-20 Brest-Nice,5,Sat,2025-09-20,19:00,Brest,2.0,4–1,2.3,Nice,14158,Stade Francis-Le Blé,Benoît Bastien,/en/matches/cd6a399a/Brest-Nice-September-20-2025-Ligue-1,,cd6a399a
FRA-Ligue 1,2526,2025-09-20 Lens-Lille,5,Sat,2025-09-20,21:05,Lens,3.6,3–0,1.8,Lille,38223,Stade Bollaert-Delelis,Eric Wattellier,/en/matches/f940c93e/Lens-Lille-September-20-2025-Ligue-1,,f940c93e
FRA-Ligue 1,2526,2025-09-20 Nantes-Rennes,5,Sat,2025-09-20,17:00,Nantes,2.0,2–2,1.4,Rennes,31337,Stade de la Beaujoire - Louis Fonteneau,Mathieu Vernice,/en/matches/23cfe985/Nantes-Rennes-September-20-2025-Ligue-1,,23cfe985
FRA-Ligue 1,2526,2025-09-21 Auxerre-Toulouse,5,Sun,2025-09-21,17:15,Auxerre,0.7,1–0,2.2,Toulouse,15262,Stade de l'Abbé Deschamps,Marc Bollengier,/en/matches/a2ea8dfd/Auxerre-Toulouse-September-21-2025-Ligue-1,,a2ea8dfd
FRA-Ligue 1,2526,2025-09-21 Le Havre-Lorient,5,Sun,2025-09-21,17:15,Le Havre,2.3,1–1,1.2,Lorient,17483,Stade Océane,Abdelatif Kherradji,/en/matches/d6f698f7/Le-Havre-Lorient-September-21-2025-Ligue-1,,d6f698f7
FRA-Ligue 1,2526,2025-09-21 Monaco-Metz,5,Sun,2025-09-21,17:15,Monaco,3.5,5–2,2.2,Metz,6080,Stade Louis II,Stéphanie Frappart,/en/matches/08aea0af/Monaco-Metz-September-21-2025-Ligue-1,,08aea0af
FRA-Ligue 1,2526,2025-09-21 Paris FC-Strasbourg,5,Sun,2025-09-21,15:00,Paris FC,1.6,2–3,2.0,Strasbourg,17912,Stade Jean-Bouin,François Letexier,/en/matches/08bc19be/Paris-FC-Strasbourg-September-21-2025-Ligue-1,,08bc19be
FRA-Ligue 1,2526,2025-09-22 Marseille-Paris S-G,5,Mon,2025-09-22,20:00,Marseille,1.1,1–0,0.7,Paris S-G,66190,Orange Vélodrome,Jérôme Brisard,/en/matches/e53e3ae2/Marseille-Paris-Saint-Germain-September-22-2025-Ligue-1,,e53e3ae2
FRA-Ligue 1,2526,2025-09-26 Strasbourg-Marseille,6,Fri,2025-09-26,20:45,Strasbourg,1.4,1–2,2.0,Marseille,23262,Stade de la Meinau,Jérémie Pignard,/en/matches/13d407ad/Strasbourg-Marseille-September-26-2025-Ligue-1,,13d407ad
FRA-Ligue 1,2526,2025-09-27 Lorient-Monaco,6,Sat,2025-09-27,17:00,Lorient,1.9,3–1,1.0,Monaco,15561,Stade Yves Allainmat,Ruddy Buquet,/en/matches/ce237644/Lorient-Monaco-September-27-2025-Ligue-1,,ce237644
FRA-Ligue 1,2526,2025-09-27 Paris S-G-Auxerre,6,Sat,2025-09-27,21:05,Paris S-G,1.7,2–0,0.7,Auxerre,47792,Parc des Princes,Thomas Léonard,/en/matches/1012a2a6/Paris-Saint-Germain-Auxerre-September-27-2025-Ligue-1,,1012a2a6
FRA-Ligue 1,2526,2025-09-27 Toulouse-Nantes,6,Sat,2025-09-27,19:00,Toulouse,2.0,2–2,1.2,Nantes,22822,Stadium de Toulouse,Benoît Millot,/en/matches/30f98e8d/Toulouse-Nantes-September-27-2025-Ligue-1,,30f98e8d
FRA-Ligue 1,2526,2025-09-28 Angers-Brest,6,Sun,2025-09-28,17:15,Angers,0.5,0–2,1.5,Brest,10210,Stade Raymond Kopa,Willy Delajod,/en/matches/40e25494/Angers-Brest-September-28-2025-Ligue-1,,40e25494
FRA-Ligue 1,2526,2025-09-28 Lille-Lyon,6,Sun,2025-09-28,17:15,Lille,1.5,0–1,0.5,Lyon,45287,Decathlon Arena - Stade Pierre-Mauroy,Mathieu Vernice,/en/matches/ee984aec/Lille-Lyon-September-28-2025-Ligue-1,,ee984aec
FRA-Ligue 1,2526,2025-09-28 Metz-Le Havre,6,Sun,2025-09-28,17:15,Metz,0.5,0–0,0.3,Le Havre,19976,Stade Saint-Symphorien,Guillaume Paradis,/en/matches/9c7203aa/Metz-Le-Havre-September-28-2025-Ligue-1,,9c7203aa
FRA-Ligue 1,2526,2025-09-28 Nice-Paris FC,6,Sun,2025-09-28,15:00,Nice,1.0,1–1,1.8,Paris FC,20049,Allianz Riviera,Abdelatif Kherradji,/en/matches/5be99991/Nice-Paris-FC-September-28-2025-Ligue-1,,5be99991
FRA-Ligue 1,2526,2025-09-28 Rennes-Lens,6,Sun,2025-09-28,20:45,Rennes,1.2,0–0,1.0,Lens,26414,Roazhon Park,Bastien Dechepy,/en/matches/2516801b/Rennes-Lens-September-28-2025-Ligue-1,,2516801b
FRA-Ligue 1,2526,2025-10-03 Paris FC-Lorient,7,Fri,2025-10-03,20:45,Paris FC,1.0,2–0,0.7,Lorient,18084,Stade Jean-Bouin,Benoît Millot,/en/matches/9c3f352c/Paris-FC-Lorient-October-3-2025-Ligue-1,,9c3f352c
FRA-Ligue 1,2526,2025-10-04 Auxerre-Lens,7,Sat,2025-10-04,21:05,Auxerre,1.7,1–2,0.4,Lens,17243,Stade de l'Abbé Deschamps,François Letexier,/en/matches/7a29fd59/Auxerre-Lens-October-4-2025-Ligue-1,,7a29fd59
FRA-Ligue 1,2526,2025-10-04 Brest-Nantes,7,Sat,2025-10-04,19:00,Brest,1.5,0–0,0.2,Nantes,14941,Stade Francis-Le Blé,Gaël Angoula,/en/matches/329f92b2/Brest-Nantes-October-4-2025-Ligue-1,,329f92b2
FRA-Ligue 1,2526,2025-10-04 Metz-Marseille,7,Sat,2025-10-04,17:00,Metz,0.1,0–3,2.7,Marseille,28300,Stade Saint-Symphorien,Clément Turpin,/en/matches/0dfe9c56/Metz-Marseille-October-4-2025-Ligue-1,,0dfe9c56
FRA-Ligue 1,2526,2025-10-05 Le Havre-Rennes,7,Sun,2025-10-05,17:15,Le Havre,1.7,2–2,1.0,Rennes,17802,Stade Océane,Jérémie Pignard,/en/matches/7bb1158d/Le-Havre-Rennes-October-5-2025-Ligue-1,,7bb1158d
FRA-Ligue 1,2526,2025-10-05 Lille-Paris S-G,7,Sun,2025-10-05,20:45,Lille,0.5,1–1,1.5,Paris S-G,47355,Decathlon Arena - Stade Pierre-Mauroy,Benoît Bastien,/en/matches/d476968b/Lille-Paris-Saint-Germain-October-5-2025-Ligue-1,,d476968b
FRA-Ligue 1,2526,2025-10-05 Lyon-Toulouse,7,Sun,2025-10-05,15:00,Lyon,1.2,1–2,1.2,Toulouse,51414,Groupama Stadium,Thomas Léonard,/en/matches/60ecc64f/Lyon-Toulouse-October-5-2025-Ligue-1,,60ecc64f
FRA-Ligue 1,2526,2025-10-05 Monaco-Nice,7,Sun,2025-10-05,17:15,Monaco,2.9,2–2,1.1,Nice,8500,Stade Louis II,Willy Delajod,/en/matches/93639c78/Monaco-Nice-October-5-2025-Ligue-1,,93639c78
FRA-Ligue 1,2526,2025-10-05 Strasbourg-Angers,7,Sun,2025-10-05,17:15,Strasbourg,4.6,5–0,0.3,Angers,22171,Stade de la Meinau,Guillaume Paradis,/en/matches/e2b6bcc0/Strasbourg-Angers-October-5-2025-Ligue-1,,e2b6bcc0
FRA-Ligue 1,2526,2025-10-17 Paris S-G-Strasbourg,8,Fri,2025-10-17,20:45,Paris S-G,2.7,3–3,2.3,Strasbourg,47754,Parc des Princes,Clément Turpin,/en/matches/99baddf3/Paris-Saint-Germain-Strasbourg-October-17-2025-Ligue-1,,99baddf3
FRA-Ligue 1,2526,2025-10-18 Angers-Monaco,8,Sat,2025-10-18,19:00,Angers,1.8,1–1,1.9,Monaco,13423,Stade Raymond Kopa,Jeremy Stinat,/en/matches/aeed11a9/Angers-Monaco-October-18-2025-Ligue-1,,aeed11a9
FRA-Ligue 1,2526,2025-10-18 Marseille-Le Havre,8,Sat,2025-10-18,21:05,Marseille,4.2,6–2,0.5,Le Havre,64869,Orange Vélodrome,Bastien Dechepy,/en/matches/0d90c694/Marseille-Le-Havre-October-18-2025-Ligue-1,,0d90c694
FRA-Ligue 1,2526,2025-10-18 Nice-Lyon,8,Sat,2025-10-18,17:00,Nice,0.7,3–2,3.3,Lyon,24122,Allianz Riviera,Jérôme Brisard,/en/matches/b4b8f430/Nice-Lyon-October-18-2025-Ligue-1,,b4b8f430
FRA-Ligue 1,2526,2025-10-19 Lens-Paris FC,8,Sun,2025-10-19,15:00,Lens,1.6,2–1,0.5,Paris FC,33773,Stade Bollaert-Delelis,Gaël Angoula,/en/matches/3c82b9ba/Lens-Paris-FC-October-19-2025-Ligue-1,,3c82b9ba
FRA-Ligue 1,2526,2025-10-19 Lorient-Brest,8,Sun,2025-10-19,17:15,Lorient,1.2,3–3,1.6,Brest,16607,Stade Yves Allainmat,Marc Bollengier,/en/matches/d9620be4/Lorient-Brest-October-19-2025-Ligue-1,,d9620be4
FRA-Ligue 1,2526,2025-10-19 Nantes-Lille,8,Sun,2025-10-19,20:45,Nantes,0.6,0–2,2.5,Lille,29845,Stade de la Beaujoire - Louis Fonteneau,Thomas Léonard,/en/matches/98c265c0/Nantes-Lille-October-19-2025-Ligue-1,,98c265c0
FRA-Ligue 1,2526,2025-10-19 Rennes-Auxerre,8,Sun,2025-10-19,17:15,Rennes,2.0,2–2,1.5,Auxerre,27148,Roazhon Park,Eric Wattellier,/en/matches/4bebc386/Rennes-Auxerre-October-19-2025-Ligue-1,,4bebc386
FRA-Ligue 1,2526,2025-10-19 Toulouse-Metz,8,Sun,2025-10-19,17:15,Toulouse,2.5,4–0,0.1,Metz,26078,Stadium de Toulouse,François Letexier,/en/matches/c8f84615/Toulouse-Metz-October-19-2025-Ligue-1,,c8f84615
FRA-Ligue 1,2526,2025-10-24 Paris FC-Nantes,9,Fri,2025-10-24,20:45,Paris FC,1.2,1–2,0.9,Nantes,17522,Stade Jean-Bouin,Ruddy Buquet,/en/matches/e38cdc1f/Paris-FC-Nantes-October-24-2025-Ligue-1,,e38cdc1f
FRA-Ligue 1,2526,2025-10-25 Brest-Paris S-G,9,Sat,2025-10-25,17:00,Brest,1.6,0–3,2.0,Paris S-G,14978,Stade Francis-Le Blé,Jérémie Pignard,/en/matches/c95d53be/Brest-Paris-Saint-Germain-October-25-2025-Ligue-1,,c95d53be
FRA-Ligue 1,2526,2025-10-25 Lens-Marseille,9,Sat,2025-10-25,21:05,Lens,1.8,2–1,0.7,Marseille,38223,Stade Bollaert-Delelis,Stéphanie Frappart,/en/matches/401a34e7/Lens-Marseille-October-25-2025-Ligue-1,,401a34e7
FRA-Ligue 1,2526,2025-10-25 Monaco-Toulouse,9,Sat,2025-10-25,19:00,Monaco,2.9,1–0,0.7,Toulouse,7086,Stade Louis II,Guillaume Paradis,/en/matches/fe7036bb/Monaco-Toulouse-October-25-2025-Ligue-1,,fe7036bb
FRA-Ligue 1,2526,2025-10-26 Angers-Lorient,9,Sun,2025-10-26,17:15,Angers,1.1,2–0,1.9,Lorient,11682,Stade Raymond Kopa,Benoît Bastien,/en/matches/57e8593d/Angers-Lorient-October-26-2025-Ligue-1,,57e8593d
FRA-Ligue 1,2526,2025-10-26 Auxerre-Le Havre,9,Sun,2025-10-26,17:15,Auxerre,0.6,0–1,1.2,Le Havre,16729,Stade de l'Abbé Deschamps,Hakim Ben El Hadj Salem,/en/matches/b5814fa4/Auxerre-Le-Havre-October-26-2025-Ligue-1,,b5814fa4
FRA-Ligue 1,2526,2025-10-26 Lille-Metz,9,Sun,2025-10-26,15:00,Lille,2.9,6–1,1.3,Metz,42089,Decathlon Arena - Stade Pierre-Mauroy,Benoît Millot,/en/matches/513ba656/Lille-Metz-October-26-2025-Ligue-1,,513ba656
FRA-Ligue 1,2526,2025-10-26 Lyon-Strasbourg,9,Sun,2025-10-26,20:45,Lyon,1.7,2–1,0.5,Strasbourg,49058,Groupama Stadium,Eric Wattellier,/en/matches/cd22fe80/Lyon-Strasbourg-October-26-2025-Ligue-1,,cd22fe80
FRA-Ligue 1,2526,2025-10-26 Rennes-Nice,9,Sun,2025-10-26,17:15,Rennes,1.7,1–2,0.7,Nice,27658,Roazhon Park,Marc Bollengier,/en/matches/b111d632/Rennes-Nice-October-26-2025-Ligue-1,,b111d632
FRA-Ligue 1,2526,2025-10-29 Le Havre-Brest,10,Wed,2025-10-29,19:00,Le Havre,1.0,1–0,0.6,Brest,18484,Stade Océane,Benoît Millot,/en/matches/ee77c6a4/Le-Havre-Brest-October-29-2025-Ligue-1,,ee77c6a4
FRA-Ligue 1,2526,2025-10-29 Lorient-Paris S-G,10,Wed,2025-10-29,19:00,Lorient,0.3,1–1,1.4,Paris S-G,16706,Stade Yves Allainmat,Willy Delajod,/en/matches/fae0cebf/Lorient-Paris-Saint-Germain-October-29-2025-Ligue-1,,fae0cebf
FRA-Ligue 1,2526,2025-10-29 Marseille-Angers,10,Wed,2025-10-29,21:05,Marseille,1.3,2–2,1.0,Angers,64599,Orange Vélodrome,Thomas Léonard,/en/matches/4e9cae04/Marseille-Angers-October-29-2025-Ligue-1,,4e9cae04
FRA-Ligue 1,2526,2025-10-29 Metz-Lens,10,Wed,2025-10-29,19:00,Metz,3.3,2–0,1.3,Lens,20618,Stade Saint-Symphorien,Abdelatif Kherradji,/en/matches/e7ee16a0/Metz-Lens-October-29-2025-Ligue-1,,e7ee16a0
FRA-Ligue 1,2526,2025-10-29 Nantes-Monaco,10,Wed,2025-10-29,21:05,Nantes,1.6,3–5,4.3,Monaco,33653,Stade de la Beaujoire - Louis Fonteneau,Jérôme Brisard,/en/matches/61307c58/Nantes-Monaco-October-29-2025-Ligue-1,,61307c58
FRA-Ligue 1,2526,2025-10-29 Nice-Lille,10,Wed,2025-10-29,19:00,Nice,1.7,2–0,1.0,Lille,22441,Allianz Riviera,Bastien Dechepy,/en/matches/79a943de/Nice-Lille-October-29-2025-Ligue-1,,79a943de
FRA-Ligue 1,2526,2025-10-29 Paris FC-Lyon,10,Wed,2025-10-29,21:05,Paris FC,0.6,3–3,1.3,Lyon,18445,Stade Jean-Bouin,Jeremy Stinat,/en/matches/43400423/Paris-FC-Lyon-October-29-2025-Ligue-1,,43400423
FRA-Ligue 1,2526,2025-10-29 Strasbourg-Auxerre,10,Wed,2025-10-29,21:05,Strasbourg,3.9,3–0,0.4,Auxerre,22667,Stade de la Meinau,Ruddy Buquet,/en/matches/92626eca/Strasbourg-Auxerre-October-29-2025-Ligue-1,,92626eca
FRA-Ligue 1,2526,2025-10-29 Toulouse-Rennes,10,Wed,2025-10-29,21:05,Toulouse,1.5,2–2,1.6,Rennes,25484,Stadium de Toulouse,Clément Turpin,/en/matches/f1f10fa5/Toulouse-Rennes-October-29-2025-Ligue-1,,f1f10fa5
FRA-Ligue 1,2526,2025-11-01 Auxerre-Marseille,11,Sat,2025-11-01,21:05,Auxerre,1.2,0–1,0.5,Marseille,16529,Stade de l'Abbé Deschamps,Benoît Bastien,/en/matches/e98babb3/Auxerre-Marseille-November-1-2025-Ligue-1,,e98babb3
FRA-Ligue 1,2526,2025-11-01 Monaco-Paris FC,11,Sat,2025-11-01,19:00,Monaco,0.8,0–1,1.0,Paris FC,10727,Stade Louis II,Eric Wattellier,/en/matches/a6e9b50e/Monaco-Paris-FC-November-1-2025-Ligue-1,,a6e9b50e
FRA-Ligue 1,2526,2025-11-01 Paris S-G-Nice,11,Sat,2025-11-01,17:00,Paris S-G,2.2,1–0,0.4,Nice,47629,Parc des Princes,François Letexier,/en/matches/3f271d67/Paris-Saint-Germain-Nice-November-1-2025-Ligue-1,,3f271d67
FRA-Ligue 1,2526,2025-11-02 Brest-Lyon,11,Sun,2025-11-02,20:45,Brest,1.5,0–0,0.2,Lyon,14534,Stade Francis-Le Blé,Clément Turpin,/en/matches/167e4077/Brest-Lyon-November-2-2025-Ligue-1,,167e4077
FRA-Ligue 1,2526,2025-11-02 Lens-Lorient,11,Sun,2025-11-02,17:15,Lens,2.1,3–0,1.8,Lorient,37373,Stade Bollaert-Delelis,Jérémie Pignard,/en/matches/537900ec/Lens-Lorient-November-2-2025-Ligue-1,,537900ec
FRA-Ligue 1,2526,2025-11-02 Lille-Angers,11,Sun,2025-11-02,17:15,Lille,2.0,1–0,0.4,Angers,38802,Decathlon Arena - Stade Pierre-Mauroy,Jérôme Brisard,/en/matches/990dd8fe/Lille-Angers-November-2-2025-Ligue-1,,990dd8fe
FRA-Ligue 1,2526,2025-11-02 Nantes-Metz,11,Sun,2025-11-02,17:15,Nantes,0.9,0–2,1.3,Metz,27150,Stade de la Beaujoire - Louis Fonteneau,Gaël Angoula,/en/matches/1d6a5a0b/Nantes-Metz-November-2-2025-Ligue-1,,1d6a5a0b
FRA-Ligue 1,2526,2025-11-02 Rennes-Strasbourg,11,Sun,2025-11-02,15:00,Rennes,2.3,4–1,1.6,Strasbourg,27658,Roazhon Park,Thomas Léonard,/en/matches/34522872/Rennes-Strasbourg-November-2-2025-Ligue-1,,34522872
FRA-Ligue 1,2526,2025-11-02 Toulouse-Le Havre,11,Sun,2025-11-02,17:15,Toulouse,1.1,0–0,1.5,Le Havre,20643,Stadium de Toulouse,Jeremy Stinat,/en/matches/75cf1ad9/Toulouse-Le-Havre-November-2-2025-Ligue-1,,75cf1ad9
FRA-Ligue 1,2526,2025-11-07 Paris FC-Rennes,12,Fri,2025-11-07,20:45,Paris FC,1.9,0–1,1.1,Rennes,16587,Stade Jean-Bouin,Guillaume Paradis,/en/matches/3feea3e9/Paris-FC-Rennes-November-7-2025-Ligue-1,,3feea3e9
FRA-Ligue 1,2526,2025-11-08 Le Havre-Nantes,12,Sat,2025-11-08,19:00,Le Havre,0.9,1–1,0.2,Nantes,19747,Stade Océane,Romain Lissorgue,/en/matches/dd1c75e9/Le-Havre-Nantes-November-8-2025-Ligue-1,,dd1c75e9
FRA-Ligue 1,2526,2025-11-08 Marseille-Brest,12,Sat,2025-11-08,17:00,Marseille,3.5,3–0,0.9,Brest,66279,Orange Vélodrome,Willy Delajod,/en/matches/a42f9bcd/Marseille-Brest-November-8-2025-Ligue-1,,a42f9bcd
FRA-Ligue 1,2526,2025-11-08 Monaco-Lens,12,Sat,2025-11-08,21:05,Monaco,2.6,1–4,3.1,Lens,9456,Stade Louis II,Bastien Dechepy,/en/matches/8351b4ea/Monaco-Lens-November-8-2025-Ligue-1,,8351b4ea
FRA-Ligue 1,2526,2025-11-09 Angers-Auxerre,12,Sun,2025-11-09,17:15,Angers,0.6,2–0,0.7,Auxerre,11428,Stade Raymond Kopa,Abdelatif Kherradji,/en/matches/9575a044/Angers-Auxerre-November-9-2025-Ligue-1,,9575a044
FRA-Ligue 1,2526,2025-11-09 Lorient-Toulouse,12,Sun,2025-11-09,15:00,Lorient,1.3,1–1,1.3,Toulouse,15562,Stade Yves Allainmat,Hakim Ben El Hadj Salem,/en/matches/3b9a668d/Lorient-Toulouse-November-9-2025-Ligue-1,,3b9a668d
FRA-Ligue 1,2526,2025-11-09 Lyon-Paris S-G,12,Sun,2025-11-09,20:45,Lyon,0.7,2–3,1.4,Paris S-G,58257,Groupama Stadium,Benoît Bastien,/en/matches/76c23d28/Lyon-Paris-Saint-Germain-November-9-2025-Ligue-1,,76c23d28
FRA-Ligue 1,2526,2025-11-09 Metz-Nice,12,Sun,2025-11-09,17:15,Metz,1.6,2–1,0.9,Nice,20683,Stade Saint-Symphorien,Stéphanie Frappart,/en/matches/958a0a33/Metz-Nice-November-9-2025-Ligue-1,,958a0a33
FRA-Ligue 1,2526,2025-11-09 Strasbourg-Lille,12,Sun,2025-11-09,17:15,Strasbourg,0.9,2–0,0.3,Lille,29000,Stade de la Meinau,François Letexier,/en/matches/9ec5732e/Strasbourg-Lille-November-9-2025-Ligue-1,,9ec5732e
FRA-Ligue 1,2526,2025-11-21 Nice-Marseille,13,Fri,2025-11-21,20:45,Nice,1.2,1–5,2.8,Marseille,27089,Allianz Riviera,Jérémie Pignard,/en/matches/9fbe6212/Nice-Marseille-November-21-2025-Ligue-1,,9fbe6212
FRA-Ligue 1,2526,2025-11-22 Lens-Strasbourg,13,Sat,2025-11-22,17:00,Lens,1.9,1–0,0.6,Strasbourg,38211,Stade Bollaert-Delelis,Jérôme Brisard,/en/matches/4d943a9e/Lens-Strasbourg-November-22-2025-Ligue-1,,4d943a9e
FRA-Ligue 1,2526,2025-11-22 Paris S-G-Le Havre,13,Sat,2025-11-22,21:05,Paris S-G,3.4,3–0,1.3,Le Havre,47694,Parc des Princes,Mathieu Vernice,/en/matches/a64360fe/Paris-Saint-Germain-Le-Havre-November-22-2025-Ligue-1,,a64360fe
FRA-Ligue 1,2526,2025-11-22 Rennes-Monaco,13,Sat,2025-11-22,19:00,Rennes,3.7,4–1,1.4,Monaco,27681,Roazhon Park,Hakim Ben El Hadj Salem,/en/matches/7d63a57f/Rennes-Monaco-November-22-2025-Ligue-1,,7d63a57f
FRA-Ligue 1,2526,2025-11-23 Auxerre-Lyon,13,Sun,2025-11-23,15:00,Auxerre,2.0,0–0,1.6,Lyon,17359,Stade de l'Abbé Deschamps,Thomas Léonard,/en/matches/f9cdf8a6/Auxerre-Lyon-November-23-2025-Ligue-1,,f9cdf8a6
FRA-Ligue 1,2526,2025-11-23 Brest-Metz,13,Sun,2025-11-23,17:15,Brest,3.1,3–2,1.0,Metz,13938,Stade Francis-Le Blé,Gaël Angoula,/en/matches/10782105/Brest-Metz-November-23-2025-Ligue-1,,10782105
FRA-Ligue 1,2526,2025-11-23 Lille-Paris FC,13,Sun,2025-11-23,20:45,Lille,3.9,4–2,1.5,Paris FC,39053,Decathlon Arena - Stade Pierre-Mauroy,Benoît Millot,/en/matches/bda1b915/Lille-Paris-FC-November-23-2025-Ligue-1,,bda1b915
FRA-Ligue 1,2526,2025-11-23 Nantes-Lorient,13,Sun,2025-11-23,17:15,Nantes,0.8,1–1,0.3,Lorient,25967,Stade de la Beaujoire - Louis Fonteneau,Ruddy Buquet,/en/matches/85a0e019/Nantes-Lorient-November-23-2025-Ligue-1,,85a0e019
FRA-Ligue 1,2526,2025-11-23 Toulouse-Angers,13,Sun,2025-11-23,17:15,Toulouse,1.9,0–1,0.4,Angers,19009,Stadium de Toulouse,Marc Bollengier,/en/matches/4399d22e/Toulouse-Angers-November-23-2025-Ligue-1,,4399d22e
FRA-Ligue 1,2526,2025-11-28 Metz-Rennes,14,Fri,2025-11-28,20:45,Metz,1.0,0–1,0.8,Rennes,20291,Stade Saint-Symphorien,Jeremy Stinat,/en/matches/c25f4acf/Metz-Rennes-November-28-2025-Ligue-1,,c25f4acf
FRA-Ligue 1,2526,2025-11-29 Marseille-Toulouse,14,Sat,2025-11-29,21:05,Marseille,1.8,2–2,0.7,Toulouse,65163,Orange Vélodrome,Eric Wattellier,/en/matches/8fedda5c/Marseille-Toulouse-November-29-2025-Ligue-1,,8fedda5c
FRA-Ligue 1,2526,2025-11-29 Monaco-Paris S-G,14,Sat,2025-11-29,17:00,Monaco,0.6,1–0,1.3,Paris S-G,11546,Stade Louis II,Clément Turpin,/en/matches/6ed4169c/Monaco-Paris-Saint-Germain-November-29-2025-Ligue-1,,6ed4169c
FRA-Ligue 1,2526,2025-11-29 Paris FC-Auxerre,14,Sat,2025-11-29,19:00,Paris FC,1.8,1–1,1.1,Auxerre,15007,Stade Jean-Bouin,François Letexier,/en/matches/f3bd6b47/Paris-FC-Auxerre-November-29-2025-Ligue-1,,f3bd6b47
FRA-Ligue 1,2526,2025-11-30 Angers-Lens,14,Sun,2025-11-30,17:15,Angers,1.3,1–2,1.9,Lens,12979,Stade Raymond Kopa,Guillaume Paradis,/en/matches/25c388ce/Angers-Lens-November-30-2025-Ligue-1,,25c388ce
FRA-Ligue 1,2526,2025-11-30 Le Havre-Lille,14,Sun,2025-11-30,17:15,Le Havre,1.2,0–1,1.5,Lille,20689,Stade Océane,Willy Delajod,/en/matches/6341b5bb/Le-Havre-Lille-November-30-2025-Ligue-1,,6341b5bb
FRA-Ligue 1,2526,2025-11-30 Lorient-Nice,14,Sun,2025-11-30,17:15,Lorient,2.3,3–1,0.9,Nice,15648,Stade Yves Allainmat,Romain Lissorgue,/en/matches/f96e21d9/Lorient-Nice-November-30-2025-Ligue-1,,f96e21d9
FRA-Ligue 1,2526,2025-11-30 Lyon-Nantes,14,Sun,2025-11-30,20:45,Lyon,2.3,3–0,1.0,Nantes,46449,Groupama Stadium,Abdelatif Kherradji,/en/matches/0a34e64f/Lyon-Nantes-November-30-2025-Ligue-1,,0a34e64f
FRA-Ligue 1,2526,2025-11-30 Strasbourg-Brest,14,Sun,2025-11-30,15:00,Strasbourg,0.8,1–2,1.1,Brest,30017,Stade de la Meinau,Bastien Dechepy,/en/matches/2c3a08e9/Strasbourg-Brest-November-30-2025-Ligue-1,,2c3a08e9
FRA-Ligue 1,2526,2025-12-05 Brest-Monaco,15,Fri,2025-12-05,19:00,Brest,1.5,1–0,0.6,Monaco,14522,Stade Francis-Le Blé,Thomas Léonard,/en/matches/409f5358/Brest-Monaco-December-5-2025-Ligue-1,,409f5358
FRA-Ligue 1,2526,2025-12-05 Lille-Marseille,15,Fri,2025-12-05,21:00,Lille,0.3,1–0,0.5,Marseille,48258,Decathlon Arena - Stade Pierre-Mauroy,Jérôme Brisard,/en/matches/684afd5f/Lille-Marseille-December-5-2025-Ligue-1,,684afd5f
FRA-Ligue 1,2526,2025-12-06 Nantes-Lens,15,Sat,2025-12-06,17:00,Nantes,1.2,1–2,2.3,Lens,26654,Stade de la Beaujoire - Louis Fonteneau,Benoît Bastien,/en/matches/1dd5dec9/Nantes-Lens-December-6-2025-Ligue-1,,1dd5dec9
FRA-Ligue 1,2526,2025-12-06 Paris S-G-Rennes,15,Sat,2025-12-06,21:05,Paris S-G,2.2,5–0,0.2,Rennes,47823,Parc des Princes,Marc Bollengier,/en/matches/13c41c30/Paris-Saint-Germain-Rennes-December-6-2025-Ligue-1,,13c41c30
FRA-Ligue 1,2526,2025-12-06 Toulouse-Strasbourg,15,Sat,2025-12-06,19:00,Toulouse,0.5,1–0,0.1,Strasbourg,22031,Stadium de Toulouse,Stéphanie Frappart,/en/matches/4955eaeb/Toulouse-Strasbourg-December-6-2025-Ligue-1,,4955eaeb
FRA-Ligue 1,2526,2025-12-07 Auxerre-Metz,15,Sun,2025-12-07,17:15,Auxerre,1.9,3–1,0.6,Metz,15588,Stade de l'Abbé Deschamps,Eric Wattellier,/en/matches/11ad7df8/Auxerre-Metz-December-7-2025-Ligue-1,,11ad7df8
FRA-Ligue 1,2526,2025-12-07 Le Havre-Paris FC,15,Sun,2025-12-07,17:15,Le Havre,1.8,0–0,1.2,Paris FC,17460,Stade Océane,Ruddy Buquet,/en/matches/80b3a9d2/Le-Havre-Paris-FC-December-7-2025-Ligue-1,,80b3a9d2
FRA-Ligue 1,2526,2025-12-07 Lorient-Lyon,15,Sun,2025-12-07,20:45,Lorient,2.5,1–0,0.4,Lyon,16213,Stade Yves Allainmat,Mathieu Vernice,/en/matches/a6944734/Lorient-Lyon-December-7-2025-Ligue-1,,a6944734
FRA-Ligue 1,2526,2025-12-07 Nice-Angers,15,Sun,2025-12-07,15:00,Nice,1.3,0–1,0.9,Angers,17630,Allianz Riviera,Jeremy Stinat,/en/matches/d8723514/Nice-Angers-December-7-2025-Ligue-1,,d8723514
FRA-Ligue 1,2526,2025-12-12 Angers-Nantes,16,Fri,2025-12-12,20:45,Angers,,,,Nantes,,Stade Raymond Kopa,,,,
FRA-Ligue 1,2526,2025-12-13 Metz-Paris S-G,16,Sat,2025-12-13,19:00,Metz,,,,Paris S-G,,Stade Saint-Symphorien,,,,
FRA-Ligue 1,2526,2025-12-13 Paris FC-Toulouse,16,Sat,2025-12-13,21:05,Paris FC,,,,Toulouse,,Stade Jean-Bouin,,,,
FRA-Ligue 1,2526,2025-12-13 Rennes-Brest,16,Sat,2025-12-13,17:00,Rennes,,,,Brest,,Roazhon Park,,,,
FRA-Ligue 1,2526,2025-12-14 Auxerre-Lille,16,Sun,2025-12-14,17:15,Auxerre,,,,Lille,,Stade de l'Abbé Deschamps,,,,
FRA-Ligue 1,2526,2025-12-14 Lens-Nice,16,Sun,2025-12-14,17:15,Lens,,,,Nice,,Stade Bollaert-Delelis,,,,
FRA-Ligue 1,2526,2025-12-14 Lyon-Le Havre,16,Sun,2025-12-14,15:00,Lyon,,,,Le Havre,,Groupama Stadium,,,,
FRA-Ligue 1,2526,2025-12-14 Marseille-Monaco,16,Sun,2025-12-14,20:45,Marseille,,,,Monaco,,Orange Vélodrome,,,,
FRA-Ligue 1,2526,2025-12-14 Strasbourg-Lorient,16,Sun,2025-12-14,17:15,Strasbourg,,,,Lorient,,Stade de la Meinau,,,,
FRA-Ligue 1,2526,2026-01-02 Toulouse-Lens,17,Fri,2026-01-02,20:45,Toulouse,,,,Lens,,Stadium de Toulouse,,,,
FRA-Ligue 1,2526,2026-01-03 Lille-Rennes,17,Sat,2026-01-03,21:05,Lille,,,,Rennes,,Decathlon Arena - Stade Pierre-Mauroy,,,,
FRA-Ligue 1,2526,2026-01-03 Monaco-Lyon,17,Sat,2026-01-03,17:00,Monaco,,,,Lyon,,Stade Louis II,,,,
FRA-Ligue 1,2526,2026-01-03 Nice-Strasbourg,17,Sat,2026-01-03,19:00,Nice,,,,Strasbourg,,Allianz Riviera,,,,
FRA-Ligue 1,2526,2026-01-04 Brest-Auxerre,17,Sun,2026-01-04,17:15,Brest,,,,Auxerre,,Stade Francis-Le Blé,,,,
FRA-Ligue 1,2526,2026-01-04 Le Havre-Angers,17,Sun,2026-01-04,17:15,Le Havre,,,,Angers,,Stade Océane,,,,
FRA-Ligue 1,2526,2026-01-04 Lorient-Metz,17,Sun,2026-01-04,17:15,Lorient,,,,Metz,,Stade Yves Allainmat,,,,
FRA-Ligue 1,2526,2026-01-04 Marseille-Nantes,17,Sun,2026-01-04,15:00,Marseille,,,,Nantes,,Orange Vélodrome,,,,
FRA-Ligue 1,2526,2026-01-04 Paris S-G-Paris FC,17,Sun,2026-01-04,20:45,Paris S-G,,,,Paris FC,,Parc des Princes,,,,
FRA-Ligue 1,2526,2026-01-16 Monaco-Lorient,18,Fri,2026-01-16,19:00,Monaco,,,,Lorient,,Stade Louis II,,,,
FRA-Ligue 1,2526,2026-01-16 Paris S-G-Lille,18,Fri,2026-01-16,21:00,Paris S-G,,,,Lille,,Parc des Princes,,,,
FRA-Ligue 1,2526,2026-01-17 Angers-Marseille,18,Sat,2026-01-17,21:05,Angers,,,,Marseille,,Stade Raymond Kopa,,,,
FRA-Ligue 1,2526,2026-01-17 Lens-Auxerre,18,Sat,2026-01-17,17:00,Lens,,,,Auxerre,,Stade Bollaert-Delelis,,,,
FRA-Ligue 1,2526,2026-01-17 Toulouse-Nice,18,Sat,2026-01-17,19:00,Toulouse,,,,Nice,,Stadium de Toulouse,,,,
FRA-Ligue 1,2526,2026-01-18 Lyon-Brest,18,Sun,2026-01-18,20:45,Lyon,,,,Brest,,Groupama Stadium,,,,
FRA-Ligue 1,2526,2026-01-18 Nantes-Paris FC,18,Sun,2026-01-18,17:15,Nantes,,,,Paris FC,,Stade de la Beaujoire - Louis Fonteneau,,,,
FRA-Ligue 1,2526,2026-01-18 Rennes-Le Havre,18,Sun,2026-01-18,17:15,Rennes,,,,Le Havre,,Roazhon Park,,,,
FRA-Ligue 1,2526,2026-01-18 Strasbourg-Metz,18,Sun,2026-01-18,15:00,Strasbourg,,,,Metz,,Stade de la Meinau,,,,
FRA-Ligue 1,2526,2026-01-23 Auxerre-Paris S-G,19,Fri,2026-01-23,20:00,Auxerre,,,,Paris S-G,,Stade de l'Abbé Deschamps,,,,
FRA-Ligue 1,2526,2026-01-24 Le Havre-Monaco,19,Sat,2026-01-24,19:00,Le Havre,,,,Monaco,,Stade Océane,,,,
FRA-Ligue 1,2526,2026-01-24 Marseille-Lens,19,Sat,2026-01-24,21:05,Marseille,,,,Lens,,Orange Vélodrome,,,,
FRA-Ligue 1,2526,2026-01-24 Rennes-Lorient,19,Sat,2026-01-24,17:00,Rennes,,,,Lorient,,Roazhon Park,,,,
FRA-Ligue 1,2526,2026-01-25 Brest-Toulouse,19,Sun,2026-01-25,17:15,Brest,,,,Toulouse,,Stade Francis-Le Blé,,,,
FRA-Ligue 1,2526,2026-01-25 Lille-Strasbourg,19,Sun,2026-01-25,20:45,Lille,,,,Strasbourg,,Decathlon Arena - Stade Pierre-Mauroy,,,,
FRA-Ligue 1,2526,2026-01-25 Metz-Lyon,19,Sun,2026-01-25,17:15,Metz,,,,Lyon,,Stade Saint-Symphorien,,,,
FRA-Ligue 1,2526,2026-01-25 Nantes-Nice,19,Sun,2026-01-25,15:00,Nantes,,,,Nice,,Stade de la Beaujoire - Louis Fonteneau,,,,
FRA-Ligue 1,2526,2026-01-25 Paris FC-Angers,19,Sun,2026-01-25,17:15,Paris FC,,,,Angers,,Stade Jean-Bouin,,,,
FRA-Ligue 1,2526,2026-01-30 Lens-Le Havre,20,Fri,2026-01-30,20:45,Lens,,,,Le Havre,,Stade Bollaert-Delelis,,,,
FRA-Ligue 1,2526,2026-01-31 Lorient-Nantes,20,Sat,2026-01-31,19:00,Lorient,,,,Nantes,,Stade Yves Allainmat,,,,
FRA-Ligue 1,2526,2026-01-31 Monaco-Rennes,20,Sat,2026-01-31,21:05,Monaco,,,,Rennes,,Stade Louis II,,,,
FRA-Ligue 1,2526,2026-01-31 Paris FC-Marseille,20,Sat,2026-01-31,17:00,Paris FC,,,,Marseille,,Stade Jean-Bouin,,,,
FRA-Ligue 1,2526,2026-02-01 Angers-Metz,20,Sun,2026-02-01,17:15,Angers,,,,Metz,,Stade Raymond Kopa,,,,
FRA-Ligue 1,2526,2026-02-01 Lyon-Lille,20,Sun,2026-02-01,15:00,Lyon,,,,Lille,,Groupama Stadium,,,,
FRA-Ligue 1,2526,2026-02-01 Nice-Brest,20,Sun,2026-02-01,17:15,Nice,,,,Brest,,Allianz Riviera,,,,
FRA-Ligue 1,2526,2026-02-01 Strasbourg-Paris S-G,20,Sun,2026-02-01,20:45,Strasbourg,,,,Paris S-G,,Stade de la Meinau,,,,
FRA-Ligue 1,2526,2026-02-01 Toulouse-Auxerre,20,Sun,2026-02-01,17:15,Toulouse,,,,Auxerre,,Stadium de Toulouse,,,,
FRA-Ligue 1,2526,2026-02-08 Angers-Toulouse,21,Sun,2026-02-08,,Angers,,,,Toulouse,,Stade Raymond Kopa,,,,
FRA-Ligue 1,2526,2026-02-08 Auxerre-Paris FC,21,Sun,2026-02-08,,Auxerre,,,,Paris FC,,Stade de l'Abbé Deschamps,,,,
FRA-Ligue 1,2526,2026-02-08 Brest-Lorient,21,Sun,2026-02-08,,Brest,,,,Lorient,,Stade Francis-Le Blé,,,,
FRA-Ligue 1,2526,2026-02-08 Le Havre-Strasbourg,21,Sun,2026-02-08,,Le Havre,,,,Strasbourg,,Stade Océane,,,,
FRA-Ligue 1,2526,2026-02-08 Lens-Rennes,21,Sun,2026-02-08,,Lens,,,,Rennes,,Stade Bollaert-Delelis,,,,
FRA-Ligue 1,2526,2026-02-08 Metz-Lille,21,Sun,2026-02-08,,Metz,,,,Lille,,Stade Saint-Symphorien,,,,
FRA-Ligue 1,2526,2026-02-08 Nantes-Lyon,21,Sun,2026-02-08,,Nantes,,,,Lyon,,Stade de la Beaujoire - Louis Fonteneau,,,,
FRA-Ligue 1,2526,2026-02-08 Nice-Monaco,21,Sun,2026-02-08,,Nice,,,,Monaco,,Allianz Riviera,,,,
FRA-Ligue 1,2526,2026-02-08 Paris S-G-Marseille,21,Sun,2026-02-08,,Paris S-G,,,,Marseille,,Parc des Princes,,,,
FRA-Ligue 1,2526,2026-02-15 Le Havre-Toulouse,22,Sun,2026-02-15,,Le Havre,,,,Toulouse,,Stade Océane,,,,
FRA-Ligue 1,2526,2026-02-15 Lille-Brest,22,Sun,2026-02-15,,Lille,,,,Brest,,Decathlon Arena - Stade Pierre-Mauroy,,,,
FRA-Ligue 1,2526,2026-02-15 Lorient-Angers,22,Sun,2026-02-15,,Lorient,,,,Angers,,Stade Yves Allainmat,,,,
FRA-Ligue 1,2526,2026-02-15 Lyon-Nice,22,Sun,2026-02-15,,Lyon,,,,Nice,,Groupama Stadium,,,,
FRA-Ligue 1,2526,2026-02-15 Marseille-Strasbourg,22,Sun,2026-02-15,,Marseille,,,,Strasbourg,,Orange Vélodrome,,,,
FRA-Ligue 1,2526,2026-02-15 Metz-Auxerre,22,Sun,2026-02-15,,Metz,,,,Auxerre,,Stade Saint-Symphorien,,,,
FRA-Ligue 1,2526,2026-02-15 Monaco-Nantes,22,Sun,2026-02-15,,Monaco,,,,Nantes,,Stade Louis II,,,,
FRA-Ligue 1,2526,2026-02-15 Paris FC-Lens,22,Sun,2026-02-15,,Paris FC,,,,Lens,,Stade Jean-Bouin,,,,
FRA-Ligue 1,2526,2026-02-15 Rennes-Paris S-G,22,Sun,2026-02-15,,Rennes,,,,Paris S-G,,Roazhon Park,,,,
FRA-Ligue 1,2526,2026-02-22 Angers-Lille,23,Sun,2026-02-22,,Angers,,,,Lille,,Stade Raymond Kopa,,,,
FRA-Ligue 1,2526,2026-02-22 Auxerre-Rennes,23,Sun,2026-02-22,,Auxerre,,,,Rennes,,Stade de l'Abbé Deschamps,,,,
FRA-Ligue 1,2526,2026-02-22 Brest-Marseille,23,Sun,2026-02-22,,Brest,,,,Marseille,,Stade Francis-Le Blé,,,,
FRA-Ligue 1,2526,2026-02-22 Lens-Monaco,23,Sun,2026-02-22,,Lens,,,,Monaco,,Stade Bollaert-Delelis,,,,
FRA-Ligue 1,2526,2026-02-22 Nantes-Le Havre,23,Sun,2026-02-22,,Nantes,,,,Le Havre,,Stade de la Beaujoire - Louis Fonteneau,,,,
FRA-Ligue 1,2526,2026-02-22 Nice-Lorient,23,Sun,2026-02-22,,Nice,,,,Lorient,,Allianz Riviera,,,,
FRA-Ligue 1,2526,2026-02-22 Paris S-G-Metz,23,Sun,2026-02-22,,Paris S-G,,,,Metz,,Parc des Princes,,,,
FRA-Ligue 1,2526,2026-02-22 Strasbourg-Lyon,23,Sun,2026-02-22,,Strasbourg,,,,Lyon,,Stade de la Meinau,,,,
FRA-Ligue 1,2526,2026-02-22 Toulouse-Paris FC,23,Sun,2026-02-22,,Toulouse,,,,Paris FC,,Stadium de Toulouse,,,,
FRA-Ligue 1,2526,2026-03-01 Le Havre-Paris S-G,24,Sun,2026-03-01,,Le Havre,,,,Paris S-G,,Stade Océane,,,,
FRA-Ligue 1,2526,2026-03-01 Lille-Nantes,24,Sun,2026-03-01,,Lille,,,,Nantes,,Decathlon Arena - Stade Pierre-Mauroy,,,,
FRA-Ligue 1,2526,2026-03-01 Lorient-Auxerre,24,Sun,2026-03-01,,Lorient,,,,Auxerre,,Stade Yves Allainmat,,,,
FRA-Ligue 1,2526,2026-03-01 Marseille-Lyon,24,Sun,2026-03-01,,Marseille,,,,Lyon,,Orange Vélodrome,,,,
FRA-Ligue 1,2526,2026-03-01 Metz-Brest,24,Sun,2026-03-01,,Metz,,,,Brest,,Stade Saint-Symphorien,,,,
FRA-Ligue 1,2526,2026-03-01 Monaco-Angers,24,Sun,2026-03-01,,Monaco,,,,Angers,,Stade Louis II,,,,
FRA-Ligue 1,2526,2026-03-01 Paris FC-Nice,24,Sun,2026-03-01,,Paris FC,,,,Nice,,Stade Jean-Bouin,,,,
FRA-Ligue 1,2526,2026-03-01 Rennes-Toulouse,24,Sun,2026-03-01,,Rennes,,,,Toulouse,,Roazhon Park,,,,
FRA-Ligue 1,2526,2026-03-01 Strasbourg-Lens,24,Sun,2026-03-01,,Strasbourg,,,,Lens,,Stade de la Meinau,,,,
FRA-Ligue 1,2526,2026-03-08 Auxerre-Strasbourg,25,Sun,2026-03-08,,Auxerre,,,,Strasbourg,,Stade de l'Abbé Deschamps,,,,
FRA-Ligue 1,2526,2026-03-08 Brest-Le Havre,25,Sun,2026-03-08,,Brest,,,,Le Havre,,Stade Francis-Le Blé,,,,
FRA-Ligue 1,2526,2026-03-08 Lens-Metz,25,Sun,2026-03-08,,Lens,,,,Metz,,Stade Bollaert-Delelis,,,,
FRA-Ligue 1,2526,2026-03-08 Lille-Lorient,25,Sun,2026-03-08,,Lille,,,,Lorient,,Decathlon Arena - Stade Pierre-Mauroy,,,,
FRA-Ligue 1,2526,2026-03-08 Lyon-Paris FC,25,Sun,2026-03-08,,Lyon,,,,Paris FC,,Groupama Stadium,,,,
FRA-Ligue 1,2526,2026-03-08 Nantes-Angers,25,Sun,2026-03-08,,Nantes,,,,Angers,,Stade de la Beaujoire - Louis Fonteneau,,,,
FRA-Ligue 1,2526,2026-03-08 Nice-Rennes,25,Sun,2026-03-08,,Nice,,,,Rennes,,Allianz Riviera,,,,
FRA-Ligue 1,2526,2026-03-08 Paris S-G-Monaco,25,Sun,2026-03-08,,Paris S-G,,,,Monaco,,Parc des Princes,,,,
FRA-Ligue 1,2526,2026-03-08 Toulouse-Marseille,25,Sun,2026-03-08,,Toulouse,,,,Marseille,,Stadium de Toulouse,,,,
FRA-Ligue 1,2526,2026-03-15 Angers-Nice,26,Sun,2026-03-15,,Angers,,,,Nice,,Stade Raymond Kopa,,,,
FRA-Ligue 1,2526,2026-03-15 Le Havre-Lyon,26,Sun,2026-03-15,,Le Havre,,,,Lyon,,Stade Océane,,,,
FRA-Ligue 1,2526,2026-03-15 Lorient-Lens,26,Sun,2026-03-15,,Lorient,,,,Lens,,Stade Yves Allainmat,,,,
FRA-Ligue 1,2526,2026-03-15 Marseille-Auxerre,26,Sun,2026-03-15,,Marseille,,,,Auxerre,,Orange Vélodrome,,,,
FRA-Ligue 1,2526,2026-03-15 Metz-Toulouse,26,Sun,2026-03-15,,Metz,,,,Toulouse,,Stade Saint-Symphorien,,,,
FRA-Ligue 1,2526,2026-03-15 Monaco-Brest,26,Sun,2026-03-15,,Monaco,,,,Brest,,Stade Louis II,,,,
FRA-Ligue 1,2526,2026-03-15 Paris S-G-Nantes,26,Sun,2026-03-15,,Paris S-G,,,,Nantes,,Parc des Princes,,,,
FRA-Ligue 1,2526,2026-03-15 Rennes-Lille,26,Sun,2026-03-15,,Rennes,,,,Lille,,Roazhon Park,,,,
FRA-Ligue 1,2526,2026-03-15 Strasbourg-Paris FC,26,Sun,2026-03-15,,Strasbourg,,,,Paris FC,,Stade de la Meinau,,,,
FRA-Ligue 1,2526,2026-03-22 Auxerre-Brest,27,Sun,2026-03-22,,Auxerre,,,,Brest,,Stade de l'Abbé Deschamps,,,,
FRA-Ligue 1,2526,2026-03-22 Lens-Angers,27,Sun,2026-03-22,,Lens,,,,Angers,,Stade Bollaert-Delelis,,,,
FRA-Ligue 1,2526,2026-03-22 Lyon-Monaco,27,Sun,2026-03-22,,Lyon,,,,Monaco,,Groupama Stadium,,,,
FRA-Ligue 1,2526,2026-03-22 Marseille-Lille,27,Sun,2026-03-22,,Marseille,,,,Lille,,Orange Vélodrome,,,,
FRA-Ligue 1,2526,2026-03-22 Nantes-Strasbourg,27,Sun,2026-03-22,,Nantes,,,,Strasbourg,,Stade de la Beaujoire - Louis Fonteneau,,,,
FRA-Ligue 1,2526,2026-03-22 Nice-Paris S-G,27,Sun,2026-03-22,,Nice,,,,Paris S-G,,Allianz Riviera,,,,
FRA-Ligue 1,2526,2026-03-22 Paris FC-Le Havre,27,Sun,2026-03-22,,Paris FC,,,,Le Havre,,Stade Jean-Bouin,,,,
FRA-Ligue 1,2526,2026-03-22 Rennes-Metz,27,Sun,2026-03-22,,Rennes,,,,Metz,,Roazhon Park,,,,
FRA-Ligue 1,2526,2026-03-22 Toulouse-Lorient,27,Sun,2026-03-22,,Toulouse,,,,Lorient,,Stadium de Toulouse,,,,
FRA-Ligue 1,2526,2026-04-05 Angers-Lyon,28,Sun,2026-04-05,,Angers,,,,Lyon,,Stade Raymond Kopa,,,,
FRA-Ligue 1,2526,2026-04-05 Brest-Rennes,28,Sun,2026-04-05,,Brest,,,,Rennes,,Stade Francis-Le Blé,,,,
FRA-Ligue 1,2526,2026-04-05 Le Havre-Auxerre,28,Sun,2026-04-05,,Le Havre,,,,Auxerre,,Stade Océane,,,,
FRA-Ligue 1,2526,2026-04-05 Lille-Lens,28,Sun,2026-04-05,,Lille,,,,Lens,,Decathlon Arena - Stade Pierre-Mauroy,,,,
FRA-Ligue 1,2526,2026-04-05 Lorient-Paris FC,28,Sun,2026-04-05,,Lorient,,,,Paris FC,,Stade Yves Allainmat,,,,
FRA-Ligue 1,2526,2026-04-05 Metz-Nantes,28,Sun,2026-04-05,,Metz,,,,Nantes,,Stade Saint-Symphorien,,,,
FRA-Ligue 1,2526,2026-04-05 Monaco-Marseille,28,Sun,2026-04-05,,Monaco,,,,Marseille,,Stade Louis II,,,,
FRA-Ligue 1,2526,2026-04-05 Paris S-G-Toulouse,28,Sun,2026-04-05,,Paris S-G,,,,Toulouse,,Parc des Princes,,,,
FRA-Ligue 1,2526,2026-04-05 Strasbourg-Nice,28,Sun,2026-04-05,,Strasbourg,,,,Nice,,Stade de la Meinau,,,,
FRA-Ligue 1,2526,2026-04-12 Auxerre-Nantes,29,Sun,2026-04-12,,Auxerre,,,,Nantes,,Stade de l'Abbé Deschamps,,,,
FRA-Ligue 1,2526,2026-04-12 Brest-Strasbourg,29,Sun,2026-04-12,,Brest,,,,Strasbourg,,Stade Francis-Le Blé,,,,
FRA-Ligue 1,2526,2026-04-12 Lens-Paris S-G,29,Sun,2026-04-12,,Lens,,,,Paris S-G,,Stade Bollaert-Delelis,,,,
FRA-Ligue 1,2526,2026-04-12 Lyon-Lorient,29,Sun,2026-04-12,,Lyon,,,,Lorient,,Groupama Stadium,,,,
FRA-Ligue 1,2526,2026-04-12 Marseille-Metz,29,Sun,2026-04-12,,Marseille,,,,Metz,,Orange Vélodrome,,,,
FRA-Ligue 1,2526,2026-04-12 Nice-Le Havre,29,Sun,2026-04-12,,Nice,,,,Le Havre,,Allianz Riviera,,,,
FRA-Ligue 1,2526,2026-04-12 Paris FC-Monaco,29,Sun,2026-04-12,,Paris FC,,,,Monaco,,Stade Jean-Bouin,,,,
FRA-Ligue 1,2526,2026-04-12 Rennes-Angers,29,Sun,2026-04-12,,Rennes,,,,Angers,,Roazhon Park,,,,
FRA-Ligue 1,2526,2026-04-12 Toulouse-Lille,29,Sun,2026-04-12,,Toulouse,,,,Lille,,Stadium de Toulouse,,,,
FRA-Ligue 1,2526,2026-04-19 Angers-Le Havre,30,Sun,2026-04-19,,Angers,,,,Le Havre,,Stade Raymond Kopa,,,,
FRA-Ligue 1,2526,2026-04-19 Lens-Toulouse,30,Sun,2026-04-19,,Lens,,,,Toulouse,,Stade Bollaert-Delelis,,,,
FRA-Ligue 1,2526,2026-04-19 Lille-Nice,30,Sun,2026-04-19,,Lille,,,,Nice,,Decathlon Arena - Stade Pierre-Mauroy,,,,
FRA-Ligue 1,2526,2026-04-19 Lorient-Marseille,30,Sun,2026-04-19,,Lorient,,,,Marseille,,Stade Yves Allainmat,,,,
FRA-Ligue 1,2526,2026-04-19 Metz-Paris FC,30,Sun,2026-04-19,,Metz,,,,Paris FC,,Stade Saint-Symphorien,,,,
FRA-Ligue 1,2526,2026-04-19 Monaco-Auxerre,30,Sun,2026-04-19,,Monaco,,,,Auxerre,,Stade Louis II,,,,
FRA-Ligue 1,2526,2026-04-19 Nantes-Brest,30,Sun,2026-04-19,,Nantes,,,,Brest,,Stade de la Beaujoire - Louis Fonteneau,,,,
FRA-Ligue 1,2526,2026-04-19 Paris S-G-Lyon,30,Sun,2026-04-19,,Paris S-G,,,,Lyon,,Parc des Princes,,,,
FRA-Ligue 1,2526,2026-04-19 Strasbourg-Rennes,30,Sun,2026-04-19,,Strasbourg,,,,Rennes,,Stade de la Meinau,,,,
FRA-Ligue 1,2526,2026-04-26 Angers-Paris S-G,31,Sun,2026-04-26,,Angers,,,,Paris S-G,,Stade Raymond Kopa,,,,
FRA-Ligue 1,2526,2026-04-26 Brest-Lens,31,Sun,2026-04-26,,Brest,,,,Lens,,Stade Francis-Le Blé,,,,
FRA-Ligue 1,2526,2026-04-26 Le Havre-Metz,31,Sun,2026-04-26,,Le Havre,,,,Metz,,Stade Océane,,,,
FRA-Ligue 1,2526,2026-04-26 Lorient-Strasbourg,31,Sun,2026-04-26,,Lorient,,,,Strasbourg,,Stade Yves Allainmat,,,,
FRA-Ligue 1,2526,2026-04-26 Lyon-Auxerre,31,Sun,2026-04-26,,Lyon,,,,Auxerre,,Groupama Stadium,,,,
FRA-Ligue 1,2526,2026-04-26 Marseille-Nice,31,Sun,2026-04-26,,Marseille,,,,Nice,,Orange Vélodrome,,,,
FRA-Ligue 1,2526,2026-04-26 Paris FC-Lille,31,Sun,2026-04-26,,Paris FC,,,,Lille,,Stade Jean-Bouin,,,,
FRA-Ligue 1,2526,2026-04-26 Rennes-Nantes,31,Sun,2026-04-26,,Rennes,,,,Nantes,,Roazhon Park,,,,
FRA-Ligue 1,2526,2026-04-26 Toulouse-Monaco,31,Sun,2026-04-26,,Toulouse,,,,Monaco,,Stadium de Toulouse,,,,
FRA-Ligue 1,2526,2026-05-03 Auxerre-Angers,32,Sun,2026-05-03,,Auxerre,,,,Angers,,Stade de l'Abbé Deschamps,,,,
FRA-Ligue 1,2526,2026-05-03 Lille-Le Havre,32,Sun,2026-05-03,,Lille,,,,Le Havre,,Decathlon Arena - Stade Pierre-Mauroy,,,,
FRA-Ligue 1,2526,2026-05-03 Lyon-Rennes,32,Sun,2026-05-03,,Lyon,,,,Rennes,,Groupama Stadium,,,,
FRA-Ligue 1,2526,2026-05-03 Metz-Monaco,32,Sun,2026-05-03,,Metz,,,,Monaco,,Stade Saint-Symphorien,,,,
FRA-Ligue 1,2526,2026-05-03 Nantes-Marseille,32,Sun,2026-05-03,,Nantes,,,,Marseille,,Stade de la Beaujoire - Louis Fonteneau,,,,
FRA-Ligue 1,2526,2026-05-03 Nice-Lens,32,Sun,2026-05-03,,Nice,,,,Lens,,Allianz Riviera,,,,
FRA-Ligue 1,2526,2026-05-03 Paris FC-Brest,32,Sun,2026-05-03,,Paris FC,,,,Brest,,Stade Jean-Bouin,,,,
FRA-Ligue 1,2526,2026-05-03 Paris S-G-Lorient,32,Sun,2026-05-03,,Paris S-G,,,,Lorient,,Parc des Princes,,,,
FRA-Ligue 1,2526,2026-05-03 Strasbourg-Toulouse,32,Sun,2026-05-03,,Strasbourg,,,,Toulouse,,Stade de la Meinau,,,,
FRA-Ligue 1,2526,2026-05-09 Angers-Strasbourg,33,Sat,2026-05-09,21:00,Angers,,,,Strasbourg,,Stade Raymond Kopa,,,,
FRA-Ligue 1,2526,2026-05-09 Auxerre-Nice,33,Sat,2026-05-09,21:00,Auxerre,,,,Nice,,Stade de l'Abbé Deschamps,,,,
FRA-Ligue 1,2526,2026-05-09 Le Havre-Marseille,33,Sat,2026-05-09,21:00,Le Havre,,,,Marseille,,Stade Océane,,,,
FRA-Ligue 1,2526,2026-05-09 Lens-Nantes,33,Sat,2026-05-09,21:00,Lens,,,,Nantes,,Stade Bollaert-Delelis,,,,
FRA-Ligue 1,2526,2026-05-09 Metz-Lorient,33,Sat,2026-05-09,21:00,Metz,,,,Lorient,,Stade Saint-Symphorien,,,,
FRA-Ligue 1,2526,2026-05-09 Monaco-Lille,33,Sat,2026-05-09,21:00,Monaco,,,,Lille,,Stade Louis II,,,,
FRA-Ligue 1,2526,2026-05-09 Paris S-G-Brest,33,Sat,2026-05-09,21:00,Paris S-G,,,,Brest,,Parc des Princes,,,,
FRA-Ligue 1,2526,2026-05-09 Rennes-Paris FC,33,Sat,2026-05-09,21:00,Rennes,,,,Paris FC,,Roazhon Park,,,,
FRA-Ligue 1,2526,2026-05-09 Toulouse-Lyon,33,Sat,2026-05-09,21:00,Toulouse,,,,Lyon,,Stadium de Toulouse,,,,
FRA-Ligue 1,2526,2026-05-16 Brest-Angers,34,Sat,2026-05-16,21:00,Brest,,,,Angers,,Stade Francis-Le Blé,,,,
FRA-Ligue 1,2526,2026-05-16 Lille-Auxerre,34,Sat,2026-05-16,21:00,Lille,,,,Auxerre,,Decathlon Arena - Stade Pierre-Mauroy,,,,
FRA-Ligue 1,2526,2026-05-16 Lorient-Le Havre,34,Sat,2026-05-16,21:00,Lorient,,,,Le Havre,,Stade Yves Allainmat,,,,
FRA-Ligue 1,2526,2026-05-16 Lyon-Lens,34,Sat,2026-05-16,21:00,Lyon,,,,Lens,,Groupama Stadium,,,,
FRA-Ligue 1,2526,2026-05-16 Marseille-Rennes,34,Sat,2026-05-16,21:00,Marseille,,,,Rennes,,Orange Vélodrome,,,,
FRA-Ligue 1,2526,2026-05-16 Nantes-Toulouse,34,Sat,2026-05-16,21:00,Nantes,,,,Toulouse,,Stade de la Beaujoire - Louis Fonteneau,,,,
FRA-Ligue 1,2526,2026-05-16 Nice-Metz,34,Sat,2026-05-16,21:00,Nice,,,,Metz,,Allianz Riviera,,,,
FRA-Ligue 1,2526,2026-05-16 Paris FC-Paris S-G,34,Sat,2026-05-16,21:00,Paris FC,,,,Paris S-G,,Stade Jean-Bouin,,,,
FRA-Ligue 1,2526,2026-05-16 Strasbourg-Monaco,34,Sat,2026-05-16,21:00,Strasbourg,,,,Monaco,,Stade de la Meinau,,,,
