league,season,game,week,day,date,time,home_team,home_xg,score,away_xg,away_team,attendance,venue,referee,match_report,notes,game_id
GER-Bundesliga,2526,2025-08-22 Bayern Munich-RB Leipzig,1,Fri,2025-08-22,20:30,Bayern Munich,1.7,6–0,0.5,RB Leipzig,75000,Allianz Arena,Florian Badstübner,/en/matches/8eb0f477/Bayern-Munich-RB-Leipzig-August-22-2025-Bundesliga,,8eb0f477
GER-Bundesliga,2526,2025-08-23 Eint Frankfurt-Werder Bremen,1,Sat,2025-08-23,15:30,Eint Frankfurt,2.7,4–1,0.5,Werder Bremen,59500,Deutsche Bank Park,Harm Osmers,/en/matches/c5a0f8ab/Eintracht-Frankfurt-Werder-Bremen-August-23-2025-Bundesliga,,c5a0f8ab
GER-Bundesliga,2526,2025-08-23 Freiburg-Augsburg,1,Sat,2025-08-23,15:30,Freiburg,2.4,1–3,1.3,Augsburg,33600,Europa-Park Stadion,Felix Zwayer,/en/matches/88a38ef6/Freiburg-Augsburg-August-23-2025-Bundesliga,,88a38ef6
GER-Bundesliga,2526,2025-08-23 Heidenheim-Wolfsburg,1,Sat,2025-08-23,15:30,Heidenheim,0.7,1–3,2.4,Wolfsburg,13000,Voith-Arena,Benjamin Brand,/en/matches/6e029e9d/Heidenheim-Wolfsburg-August-23-2025-Bundesliga,,6e029e9d
GER-Bundesliga,2526,2025-08-23 Leverkusen-Hoffenheim,1,Sat,2025-08-23,15:30,Leverkusen,0.7,1–2,0.4,Hoffenheim,29390,BayArena,Daniel Siebert,/en/matches/78cc44a5/Bayer-Leverkusen-Hoffenheim-August-23-2025-Bundesliga,,78cc44a5
GER-Bundesliga,2526,2025-08-23 St. Pauli-Dortmund,1,Sat,2025-08-23,18:30,St. Pauli,1.2,3–3,1.6,Dortmund,29546,Millerntor-Stadion,Matthias Jöllenbeck,/en/matches/243e124a/St-Pauli-Dortmund-August-23-2025-Bundesliga,,243e124a
GER-Bundesliga,2526,2025-08-23 Union Berlin-Stuttgart,1,Sat,2025-08-23,15:30,Union Berlin,0.3,2–1,1.7,Stuttgart,22012,Stadion An der Alten Försterei,Robert Hartmann,/en/matches/b7adc246/Union-Berlin-Stuttgart-August-23-2025-Bundesliga,,b7adc246
GER-Bundesliga,2526,2025-08-24 Gladbach-Hamburger SV,1,Sun,2025-08-24,17:30,Gladbach,1.1,0–0,0.4,Hamburger SV,54042,Stadion im Borussia-Park,Sascha Stegemann,/en/matches/fd0e77f1/Monchengladbach-Hamburger-SV-August-24-2025-Bundesliga,,fd0e77f1
GER-Bundesliga,2526,2025-08-24 Mainz 05-Köln,1,Sun,2025-08-24,15:30,Mainz 05,1.4,0–1,1.4,Köln,33305,Mewa Arena,Tobias Stieler,/en/matches/1118532c/Mainz-05-Koln-August-24-2025-Bundesliga,,1118532c
GER-Bundesliga,2526,2025-08-29 Hamburger SV-St. Pauli,2,Fri,2025-08-29,20:30,Hamburger SV,0.4,0–2,1.4,St. Pauli,57000,Volksparkstadion,Christian Dingert,/en/matches/c2913887/Hamburger-SV-St-Pauli-August-29-2025-Bundesliga,,c2913887
GER-Bundesliga,2526,2025-08-30 Augsburg-Bayern Munich,2,Sat,2025-08-30,18:30,Augsburg,0.5,2–3,4.2,Bayern Munich,30660,WWK Arena,Florian Exner,/en/matches/ea3ae751/Augsburg-Bayern-Munich-August-30-2025-Bundesliga,,ea3ae751
GER-Bundesliga,2526,2025-08-30 Hoffenheim-Eint Frankfurt,2,Sat,2025-08-30,15:30,Hoffenheim,1.4,1–3,1.6,Eint Frankfurt,30150,PreZero Arena,Timo Gerach,/en/matches/3dd41a40/Hoffenheim-Eintracht-Frankfurt-August-30-2025-Bundesliga,,3dd41a40
GER-Bundesliga,2526,2025-08-30 RB Leipzig-Heidenheim,2,Sat,2025-08-30,15:30,RB Leipzig,2.2,2–0,0.9,Heidenheim,43495,Red Bull Arena,Frank Willenborg,/en/matches/81523ca0/RB-Leipzig-Heidenheim-August-30-2025-Bundesliga,,81523ca0
GER-Bundesliga,2526,2025-08-30 Stuttgart-Gladbach,2,Sat,2025-08-30,15:30,Stuttgart,0.8,1–0,1.8,Gladbach,60000,MHPArena,Sven Jablonski,/en/matches/cc790c96/Stuttgart-Monchengladbach-August-30-2025-Bundesliga,,cc790c96
GER-Bundesliga,2526,2025-08-30 Werder Bremen-Leverkusen,2,Sat,2025-08-30,15:30,Werder Bremen,2.6,3–3,2.1,Leverkusen,42100,Weserstadion,Robin Braun,/en/matches/8d20b088/Werder-Bremen-Bayer-Leverkusen-August-30-2025-Bundesliga,,8d20b088
GER-Bundesliga,2526,2025-08-31 Dortmund-Union Berlin,2,Sun,2025-08-31,17:30,Dortmund,2.4,3–0,1.1,Union Berlin,81365,Signal Iduna Park,Daniel Schlager,/en/matches/217ef044/Dortmund-Union-Berlin-August-31-2025-Bundesliga,,217ef044
GER-Bundesliga,2526,2025-08-31 Köln-Freiburg,2,Sun,2025-08-31,19:30,Köln,2.1,4–1,0.9,Freiburg,50000,RheinEnergieSTADION,Tobias Reichel,/en/matches/4291408f/Koln-Freiburg-August-31-2025-Bundesliga,,4291408f
GER-Bundesliga,2526,2025-08-31 Wolfsburg-Mainz 05,2,Sun,2025-08-31,15:30,Wolfsburg,0.6,1–1,1.9,Mainz 05,21893,Volkswagen Arena,Sören Storks,/en/matches/e8d01789/Wolfsburg-Mainz-05-August-31-2025-Bundesliga,,e8d01789
GER-Bundesliga,2526,2025-09-12 Leverkusen-Eint Frankfurt,3,Fri,2025-09-12,20:30,Leverkusen,2.1,3–1,0.8,Eint Frankfurt,30210,BayArena,Deniz Aytekin,/en/matches/09882b39/Bayer-Leverkusen-Eintracht-Frankfurt-September-12-2025-Bundesliga,,09882b39
GER-Bundesliga,2526,2025-09-13 Bayern Munich-Hamburger SV,3,Sat,2025-09-13,18:30,Bayern Munich,2.4,5–0,0.6,Hamburger SV,75000,Allianz Arena,Tobias Stieler,/en/matches/91e6a499/Bayern-Munich-Hamburger-SV-September-13-2025-Bundesliga,,91e6a499
GER-Bundesliga,2526,2025-09-13 Freiburg-Stuttgart,3,Sat,2025-09-13,15:30,Freiburg,1.5,3–1,0.4,Stuttgart,34700,Europa-Park Stadion,Daniel Siebert,/en/matches/47deb66f/Freiburg-Stuttgart-September-13-2025-Bundesliga,,47deb66f
GER-Bundesliga,2526,2025-09-13 Heidenheim-Dortmund,3,Sat,2025-09-13,15:30,Heidenheim,0.4,0–2,2.7,Dortmund,15000,Voith-Arena,Felix Zwayer,/en/matches/906ce9a1/Heidenheim-Dortmund-September-13-2025-Bundesliga,,906ce9a1
GER-Bundesliga,2526,2025-09-13 Mainz 05-RB Leipzig,3,Sat,2025-09-13,15:30,Mainz 05,1.1,0–1,1.8,RB Leipzig,30000,Mewa Arena,Sven Jablonski,/en/matches/f99e3c2d/Mainz-05-RB-Leipzig-September-13-2025-Bundesliga,,f99e3c2d
GER-Bundesliga,2526,2025-09-13 Union Berlin-Hoffenheim,3,Sat,2025-09-13,15:30,Union Berlin,2.6,2–4,2.8,Hoffenheim,21732,Stadion An der Alten Försterei,Tobias Welz,/en/matches/09242157/Union-Berlin-Hoffenheim-September-13-2025-Bundesliga,,09242157
GER-Bundesliga,2526,2025-09-13 Wolfsburg-Köln,3,Sat,2025-09-13,15:30,Wolfsburg,1.5,3–3,1.6,Köln,28917,Volkswagen Arena,Bastian Dankert,/en/matches/a7819671/Wolfsburg-Koln-September-13-2025-Bundesliga,,a7819671
GER-Bundesliga,2526,2025-09-14 Gladbach-Werder Bremen,3,Sun,2025-09-14,17:30,Gladbach,1.5,0–4,2.1,Werder Bremen,52653,Stadion im Borussia-Park,Matthias Jöllenbeck,/en/matches/3b5873a4/Monchengladbach-Werder-Bremen-September-14-2025-Bundesliga,,3b5873a4
GER-Bundesliga,2526,2025-09-14 St. Pauli-Augsburg,3,Sun,2025-09-14,15:30,St. Pauli,1.8,2–1,0.8,Augsburg,29546,Millerntor-Stadion,Harm Osmers,/en/matches/940c2e4e/St-Pauli-Augsburg-September-14-2025-Bundesliga,,940c2e4e
GER-Bundesliga,2526,2025-09-19 Stuttgart-St. Pauli,4,Fri,2025-09-19,20:30,Stuttgart,2.1,2–0,0.9,St. Pauli,60000,MHPArena,Sascha Stegemann,/en/matches/44d66179/Stuttgart-St-Pauli-September-19-2025-Bundesliga,,44d66179
GER-Bundesliga,2526,2025-09-20 Augsburg-Mainz 05,4,Sat,2025-09-20,15:30,Augsburg,1.1,1–4,2.5,Mainz 05,29162,WWK Arena,Daniel Schlager,/en/matches/a959bbb1/Augsburg-Mainz-05-September-20-2025-Bundesliga,,a959bbb1
GER-Bundesliga,2526,2025-09-20 Hamburger SV-Heidenheim,4,Sat,2025-09-20,15:30,Hamburger SV,2.1,2–1,2.9,Heidenheim,57000,Volksparkstadion,Florian Exner,/en/matches/bca86606/Hamburger-SV-Heidenheim-September-20-2025-Bundesliga,,bca86606
GER-Bundesliga,2526,2025-09-20 Hoffenheim-Bayern Munich,4,Sat,2025-09-20,15:30,Hoffenheim,0.9,1–4,3.0,Bayern Munich,30150,PreZero Arena,Robert Hartmann,/en/matches/f7a59cca/Hoffenheim-Bayern-Munich-September-20-2025-Bundesliga,,f7a59cca
GER-Bundesliga,2526,2025-09-20 RB Leipzig-Köln,4,Sat,2025-09-20,18:30,RB Leipzig,3.3,3–1,1.7,Köln,47117,Red Bull Arena,Benjamin Brand,/en/matches/41b85666/RB-Leipzig-Koln-September-20-2025-Bundesliga,,41b85666
GER-Bundesliga,2526,2025-09-20 Werder Bremen-Freiburg,4,Sat,2025-09-20,15:30,Werder Bremen,1.2,0–3,2.4,Freiburg,40500,Weserstadion,Timo Gerach,/en/matches/a7e96019/Werder-Bremen-Freiburg-September-20-2025-Bundesliga,,a7e96019
GER-Bundesliga,2526,2025-09-21 Dortmund-Wolfsburg,4,Sun,2025-09-21,19:30,Dortmund,1.1,1–0,0.8,Wolfsburg,81365,Signal Iduna Park,Daniel Siebert,/en/matches/d3e98705/Dortmund-Wolfsburg-September-21-2025-Bundesliga,,d3e98705
GER-Bundesliga,2526,2025-09-21 Eint Frankfurt-Union Berlin,4,Sun,2025-09-21,15:30,Eint Frankfurt,1.9,3–4,1.7,Union Berlin,59500,Deutsche Bank Park,Sven Jablonski,/en/matches/448ea72f/Eintracht-Frankfurt-Union-Berlin-September-21-2025-Bundesliga,,448ea72f
GER-Bundesliga,2526,2025-09-21 Leverkusen-Gladbach,4,Sun,2025-09-21,17:30,Leverkusen,1.4,1–1,0.8,Gladbach,30210,BayArena,Felix Zwayer,/en/matches/9d5112e8/Bayer-Leverkusen-Monchengladbach-September-21-2025-Bundesliga,,9d5112e8
GER-Bundesliga,2526,2025-09-26 Bayern Munich-Werder Bremen,5,Fri,2025-09-26,20:30,Bayern Munich,3.4,4–0,0.4,Werder Bremen,75000,Allianz Arena,Frank Willenborg,/en/matches/a50ce74d/Bayern-Munich-Werder-Bremen-September-26-2025-Bundesliga,,a50ce74d
GER-Bundesliga,2526,2025-09-27 Gladbach-Eint Frankfurt,5,Sat,2025-09-27,18:30,Gladbach,1.7,4–6,2.8,Eint Frankfurt,54042,Stadion im Borussia-Park,Florian Exner,/en/matches/5212aa89/Monchengladbach-Eintracht-Frankfurt-September-27-2025-Bundesliga,,5212aa89
GER-Bundesliga,2526,2025-09-27 Heidenheim-Augsburg,5,Sat,2025-09-27,15:30,Heidenheim,1.2,2–1,0.8,Augsburg,15000,Voith-Arena,Tobias Welz,/en/matches/d445268d/Heidenheim-Augsburg-September-27-2025-Bundesliga,,d445268d
GER-Bundesliga,2526,2025-09-27 Mainz 05-Dortmund,5,Sat,2025-09-27,15:30,Mainz 05,0.5,0–2,1.4,Dortmund,33305,Mewa Arena,Tobias Reichel,/en/matches/92fc78f1/Mainz-05-Dortmund-September-27-2025-Bundesliga,,92fc78f1
GER-Bundesliga,2526,2025-09-27 St. Pauli-Leverkusen,5,Sat,2025-09-27,15:30,St. Pauli,0.8,1–2,0.9,Leverkusen,29546,Millerntor-Stadion,Martin Petersen,/en/matches/a35c04e4/St-Pauli-Bayer-Leverkusen-September-27-2025-Bundesliga,,a35c04e4
GER-Bundesliga,2526,2025-09-27 Wolfsburg-RB Leipzig,5,Sat,2025-09-27,15:30,Wolfsburg,3.0,0–1,2.2,RB Leipzig,23236,Volkswagen Arena,Robin Braun,/en/matches/914fabb2/Wolfsburg-RB-Leipzig-September-27-2025-Bundesliga,,914fabb2
GER-Bundesliga,2526,2025-09-28 Freiburg-Hoffenheim,5,Sun,2025-09-28,15:30,Freiburg,1.2,1–1,2.5,Hoffenheim,33700,Europa-Park Stadion,Bastian Dankert,/en/matches/a20222e0/Freiburg-Hoffenheim-September-28-2025-Bundesliga,,a20222e0
GER-Bundesliga,2526,2025-09-28 Köln-Stuttgart,5,Sun,2025-09-28,17:30,Köln,1.1,1–2,1.8,Stuttgart,50000,RheinEnergieSTADION,Matthias Jöllenbeck,/en/matches/00e4ff0d/Koln-Stuttgart-September-28-2025-Bundesliga,,00e4ff0d
GER-Bundesliga,2526,2025-09-28 Union Berlin-Hamburger SV,5,Sun,2025-09-28,19:30,Union Berlin,1.4,0–0,1.1,Hamburger SV,22012,Stadion An der Alten Försterei,Deniz Aytekin,/en/matches/1c8580bc/Union-Berlin-Hamburger-SV-September-28-2025-Bundesliga,,1c8580bc
GER-Bundesliga,2526,2025-10-03 Hoffenheim-Köln,6,Fri,2025-10-03,20:30,Hoffenheim,1.1,0–1,1.2,Köln,30150,PreZero Arena,Felix Zwayer,/en/matches/a3d6d7e4/Hoffenheim-Koln-October-3-2025-Bundesliga,,a3d6d7e4
GER-Bundesliga,2526,2025-10-04 Augsburg-Wolfsburg,6,Sat,2025-10-04,15:30,Augsburg,1.9,3–1,1.2,Wolfsburg,28200,WWK Arena,Benjamin Brand,/en/matches/30d2fc3a/Augsburg-Wolfsburg-October-4-2025-Bundesliga,,30d2fc3a
GER-Bundesliga,2526,2025-10-04 Dortmund-RB Leipzig,6,Sat,2025-10-04,15:30,Dortmund,0.9,1–1,1.1,RB Leipzig,81365,Signal Iduna Park,Sascha Stegemann,/en/matches/76f8a93f/Dortmund-RB-Leipzig-October-4-2025-Bundesliga,,76f8a93f
GER-Bundesliga,2526,2025-10-04 Eint Frankfurt-Bayern Munich,6,Sat,2025-10-04,18:30,Eint Frankfurt,0.3,0–3,1.7,Bayern Munich,59500,Deutsche Bank Park,Daniel Siebert,/en/matches/96ea3861/Eintracht-Frankfurt-Bayern-Munich-October-4-2025-Bundesliga,,96ea3861
GER-Bundesliga,2526,2025-10-04 Leverkusen-Union Berlin,6,Sat,2025-10-04,15:30,Leverkusen,2.9,2–0,0.9,Union Berlin,30210,BayArena,Christian Dingert,/en/matches/a88c0cfc/Bayer-Leverkusen-Union-Berlin-October-4-2025-Bundesliga,,a88c0cfc
GER-Bundesliga,2526,2025-10-04 Werder Bremen-St. Pauli,6,Sat,2025-10-04,15:30,Werder Bremen,1.8,1–0,0.7,St. Pauli,42100,Weserstadion,Sören Storks,/en/matches/86cee779/Werder-Bremen-St-Pauli-October-4-2025-Bundesliga,,86cee779
GER-Bundesliga,2526,2025-10-05 Gladbach-Freiburg,6,Sun,2025-10-05,19:30,Gladbach,0.5,0–0,0.7,Freiburg,44709,Stadion im Borussia-Park,Daniel Schlager,/en/matches/bacd63d5/Monchengladbach-Freiburg-October-5-2025-Bundesliga,,bacd63d5
GER-Bundesliga,2526,2025-10-05 Hamburger SV-Mainz 05,6,Sun,2025-10-05,17:30,Hamburger SV,1.9,4–0,0.7,Mainz 05,57000,Volksparkstadion,Robert Hartmann,/en/matches/5fa2c71d/Hamburger-SV-Mainz-05-October-5-2025-Bundesliga,,5fa2c71d
GER-Bundesliga,2526,2025-10-05 Stuttgart-Heidenheim,6,Sun,2025-10-05,15:30,Stuttgart,1.0,1–0,0.6,Heidenheim,60000,MHPArena,Tobias Stieler,/en/matches/a0f25ade/Stuttgart-Heidenheim-October-5-2025-Bundesliga,,a0f25ade
GER-Bundesliga,2526,2025-10-17 Union Berlin-Gladbach,7,Fri,2025-10-17,20:30,Union Berlin,1.2,3–1,0.7,Gladbach,22012,Stadion An der Alten Försterei,Tobias Reichel,/en/matches/ff4f138c/Union-Berlin-Monchengladbach-October-17-2025-Bundesliga,,ff4f138c
GER-Bundesliga,2526,2025-10-18 Bayern Munich-Dortmund,7,Sat,2025-10-18,18:30,Bayern Munich,2.4,2–1,1.6,Dortmund,75000,Allianz Arena,Bastian Dankert,/en/matches/2b1ceae8/Der-Klassiker-Bayern-Munich-Dortmund-October-18-2025-Bundesliga,,2b1ceae8
GER-Bundesliga,2526,2025-10-18 Heidenheim-Werder Bremen,7,Sat,2025-10-18,15:30,Heidenheim,3.2,2–2,1.4,Werder Bremen,15000,Voith-Arena,Patrick Ittrich,/en/matches/cbbd67c2/Heidenheim-Werder-Bremen-October-18-2025-Bundesliga,,cbbd67c2
GER-Bundesliga,2526,2025-10-18 Köln-Augsburg,7,Sat,2025-10-18,15:30,Köln,0.6,1–1,1.1,Augsburg,50000,RheinEnergieSTADION,Timo Gerach,/en/matches/cc14e577/Koln-Augsburg-October-18-2025-Bundesliga,,cc14e577
GER-Bundesliga,2526,2025-10-18 Mainz 05-Leverkusen,7,Sat,2025-10-18,15:30,Mainz 05,1.6,3–4,3.4,Leverkusen,33305,Mewa Arena,Florian Exner,/en/matches/cbacd84f/Mainz-05-Bayer-Leverkusen-October-18-2025-Bundesliga,,cbacd84f
GER-Bundesliga,2526,2025-10-18 RB Leipzig-Hamburger SV,7,Sat,2025-10-18,15:30,RB Leipzig,1.2,2–1,1.5,Hamburger SV,47800,Red Bull Arena,Tobias Welz,/en/matches/98feecfc/RB-Leipzig-Hamburger-SV-October-18-2025-Bundesliga,,98feecfc
GER-Bundesliga,2526,2025-10-18 Wolfsburg-Stuttgart,7,Sat,2025-10-18,15:30,Wolfsburg,0.5,0–3,1.9,Stuttgart,26145,Volkswagen Arena,Florian Badstübner,/en/matches/b835211e/Wolfsburg-Stuttgart-October-18-2025-Bundesliga,,b835211e
GER-Bundesliga,2526,2025-10-19 Freiburg-Eint Frankfurt,7,Sun,2025-10-19,15:30,Freiburg,1.1,2–2,0.8,Eint Frankfurt,34700,Europa-Park Stadion,Deniz Aytekin,/en/matches/1285edc1/Freiburg-Eintracht-Frankfurt-October-19-2025-Bundesliga,,1285edc1
GER-Bundesliga,2526,2025-10-19 St. Pauli-Hoffenheim,7,Sun,2025-10-19,17:30,St. Pauli,0.9,0–3,2.3,Hoffenheim,29248,Millerntor-Stadion,Sven Jablonski,/en/matches/b4f6e363/St-Pauli-Hoffenheim-October-19-2025-Bundesliga,,b4f6e363
GER-Bundesliga,2526,2025-10-24 Werder Bremen-Union Berlin,8,Fri,2025-10-24,20:30,Werder Bremen,1.0,1–0,0.6,Union Berlin,42100,Weserstadion,Daniel Schlager,/en/matches/e69d535e/Werder-Bremen-Union-Berlin-October-24-2025-Bundesliga,,e69d535e
GER-Bundesliga,2526,2025-10-25 Augsburg-RB Leipzig,8,Sat,2025-10-25,15:30,Augsburg,0.8,0–6,2.7,RB Leipzig,28600,WWK Arena,Daniel Siebert,/en/matches/4ce34326/Augsburg-RB-Leipzig-October-25-2025-Bundesliga,,4ce34326
GER-Bundesliga,2526,2025-10-25 Dortmund-Köln,8,Sat,2025-10-25,18:30,Dortmund,1.9,1–0,0.5,Köln,81365,Signal Iduna Park,Benjamin Brand,/en/matches/eeacfafc/Dortmund-Koln-October-25-2025-Bundesliga,,eeacfafc
GER-Bundesliga,2526,2025-10-25 Eint Frankfurt-St. Pauli,8,Sat,2025-10-25,15:30,Eint Frankfurt,2.2,2–0,0.4,St. Pauli,59500,Deutsche Bank Park,Robin Braun,/en/matches/0c04c6a6/Eintracht-Frankfurt-St-Pauli-October-25-2025-Bundesliga,,0c04c6a6
GER-Bundesliga,2526,2025-10-25 Gladbach-Bayern Munich,8,Sat,2025-10-25,15:45,Gladbach,0.8,0–3,4.0,Bayern Munich,54042,Stadion im Borussia-Park,Sascha Stegemann,/en/matches/bcdd851c/Monchengladbach-Bayern-Munich-October-25-2025-Bundesliga,,bcdd851c
GER-Bundesliga,2526,2025-10-25 Hamburger SV-Wolfsburg,8,Sat,2025-10-25,15:30,Hamburger SV,2.8,0–1,0.4,Wolfsburg,57000,Volksparkstadion,Martin Petersen,/en/matches/e3020e39/Hamburger-SV-Wolfsburg-October-25-2025-Bundesliga,,e3020e39
GER-Bundesliga,2526,2025-10-25 Hoffenheim-Heidenheim,8,Sat,2025-10-25,15:30,Hoffenheim,2.3,3–1,1.2,Heidenheim,24127,PreZero Arena,Matthias Jöllenbeck,/en/matches/482ddc24/Hoffenheim-Heidenheim-October-25-2025-Bundesliga,,482ddc24
GER-Bundesliga,2526,2025-10-26 Leverkusen-Freiburg,8,Sun,2025-10-26,15:30,Leverkusen,1.6,2–0,0.6,Freiburg,30210,BayArena,Harm Osmers,/en/matches/f42e0743/Bayer-Leverkusen-Freiburg-October-26-2025-Bundesliga,,f42e0743
GER-Bundesliga,2526,2025-10-26 Stuttgart-Mainz 05,8,Sun,2025-10-26,17:30,Stuttgart,1.9,2–1,1.4,Mainz 05,59000,MHPArena,Felix Zwayer,/en/matches/b3cf49e5/Stuttgart-Mainz-05-October-26-2025-Bundesliga,,b3cf49e5
GER-Bundesliga,2526,2025-10-31 Augsburg-Dortmund,9,Fri,2025-10-31,20:30,Augsburg,0.8,0–1,0.3,Dortmund,30660,WWK Arena,Tobias Stieler,/en/matches/598fe99f/Augsburg-Dortmund-October-31-2025-Bundesliga,,598fe99f
GER-Bundesliga,2526,2025-11-01 Bayern Munich-Leverkusen,9,Sat,2025-11-01,18:30,Bayern Munich,2.3,3–0,0.4,Leverkusen,75000,Allianz Arena,Deniz Aytekin,/en/matches/23eeabbb/Bayern-Munich-Bayer-Leverkusen-November-1-2025-Bundesliga,,23eeabbb
GER-Bundesliga,2526,2025-11-01 Heidenheim-Eint Frankfurt,9,Sat,2025-11-01,15:30,Heidenheim,0.8,1–1,1.0,Eint Frankfurt,15000,Voith-Arena,Christian Dingert,/en/matches/334ac0b2/Heidenheim-Eintracht-Frankfurt-November-1-2025-Bundesliga,,334ac0b2
GER-Bundesliga,2526,2025-11-01 Mainz 05-Werder Bremen,9,Sat,2025-11-01,15:30,Mainz 05,1.3,1–1,1.0,Werder Bremen,33305,Mewa Arena,Florian Badstübner,/en/matches/af4d208e/Mainz-05-Werder-Bremen-November-1-2025-Bundesliga,,af4d208e
GER-Bundesliga,2526,2025-11-01 RB Leipzig-Stuttgart,9,Sat,2025-11-01,15:30,RB Leipzig,2.1,3–1,1.3,Stuttgart,47800,Red Bull Arena,Sven Jablonski,/en/matches/86253a51/RB-Leipzig-Stuttgart-November-1-2025-Bundesliga,,86253a51
GER-Bundesliga,2526,2025-11-01 St. Pauli-Gladbach,9,Sat,2025-11-01,15:30,St. Pauli,0.9,0–4,2.4,Gladbach,29546,Millerntor-Stadion,Robert Hartmann,/en/matches/582bbd5d/St-Pauli-Monchengladbach-November-1-2025-Bundesliga,,582bbd5d
GER-Bundesliga,2526,2025-11-01 Union Berlin-Freiburg,9,Sat,2025-11-01,15:30,Union Berlin,1.0,0–0,1.2,Freiburg,22012,Stadion An der Alten Försterei,Sören Storks,/en/matches/c63fd3ef/Union-Berlin-Freiburg-November-1-2025-Bundesliga,,c63fd3ef
GER-Bundesliga,2526,2025-11-02 Köln-Hamburger SV,9,Sun,2025-11-02,15:30,Köln,3.6,4–1,1.1,Hamburger SV,50000,RheinEnergieSTADION,Daniel Schlager,/en/matches/5b856721/Koln-Hamburger-SV-November-2-2025-Bundesliga,,5b856721
GER-Bundesliga,2526,2025-11-02 Wolfsburg-Hoffenheim,9,Sun,2025-11-02,17:30,Wolfsburg,1.5,2–3,1.0,Hoffenheim,19078,Volkswagen Arena,Frank Willenborg,/en/matches/69d3f972/Wolfsburg-Hoffenheim-November-2-2025-Bundesliga,,69d3f972
GER-Bundesliga,2526,2025-11-07 Werder Bremen-Wolfsburg,10,Fri,2025-11-07,20:30,Werder Bremen,1.4,2–1,0.7,Wolfsburg,40500,Weserstadion,Felix Zwayer,/en/matches/42691ed8/Werder-Bremen-Wolfsburg-November-7-2025-Bundesliga,,42691ed8
GER-Bundesliga,2526,2025-11-08 Gladbach-Köln,10,Sat,2025-11-08,18:30,Gladbach,2.8,3–1,2.2,Köln,54042,Stadion im Borussia-Park,Deniz Aytekin,/en/matches/546be97e/Monchengladbach-Koln-November-8-2025-Bundesliga,,546be97e
GER-Bundesliga,2526,2025-11-08 Hamburger SV-Dortmund,10,Sat,2025-11-08,15:30,Hamburger SV,0.6,1–1,1.0,Dortmund,57000,Volksparkstadion,Tobias Reichel,/en/matches/52d75dc1/Hamburger-SV-Dortmund-November-8-2025-Bundesliga,,52d75dc1
GER-Bundesliga,2526,2025-11-08 Hoffenheim-RB Leipzig,10,Sat,2025-11-08,15:30,Hoffenheim,1.7,3–1,1.7,RB Leipzig,26561,PreZero Arena,Patrick Ittrich,/en/matches/f05fd061/Hoffenheim-RB-Leipzig-November-8-2025-Bundesliga,,f05fd061
GER-Bundesliga,2526,2025-11-08 Leverkusen-Heidenheim,10,Sat,2025-11-08,15:30,Leverkusen,3.3,6–0,0.1,Heidenheim,29257,BayArena,Bastian Dankert,/en/matches/8e4a9eea/Bayer-Leverkusen-Heidenheim-November-8-2025-Bundesliga,,8e4a9eea
GER-Bundesliga,2526,2025-11-08 Union Berlin-Bayern Munich,10,Sat,2025-11-08,15:30,Union Berlin,0.8,2–2,1.3,Bayern Munich,22012,Stadion An der Alten Försterei,Florian Exner,/en/matches/4ceaf237/Union-Berlin-Bayern-Munich-November-8-2025-Bundesliga,,4ceaf237
GER-Bundesliga,2526,2025-11-09 Eint Frankfurt-Mainz 05,10,Sun,2025-11-09,19:30,Eint Frankfurt,1.2,1–0,0.1,Mainz 05,59000,Deutsche Bank Park,Matthias Jöllenbeck,/en/matches/934c7914/Eintracht-Frankfurt-Mainz-05-November-9-2025-Bundesliga,,934c7914
GER-Bundesliga,2526,2025-11-09 Freiburg-St. Pauli,10,Sun,2025-11-09,15:30,Freiburg,1.0,2–1,0.5,St. Pauli,34700,Europa-Park Stadion,Benjamin Brand,/en/matches/9b9ef973/Freiburg-St-Pauli-November-9-2025-Bundesliga,,9b9ef973
GER-Bundesliga,2526,2025-11-09 Stuttgart-Augsburg,10,Sun,2025-11-09,17:30,Stuttgart,2.3,3–2,1.9,Augsburg,58500,MHPArena,Harm Osmers,/en/matches/1c06d4ba/Stuttgart-Augsburg-November-9-2025-Bundesliga,,1c06d4ba
GER-Bundesliga,2526,2025-11-21 Mainz 05-Hoffenheim,11,Fri,2025-11-21,20:30,Mainz 05,1.9,1–1,1.3,Hoffenheim,28000,Mewa Arena,Sascha Stegemann,/en/matches/9fc01308/Mainz-05-Hoffenheim-November-21-2025-Bundesliga,,9fc01308
GER-Bundesliga,2526,2025-11-22 Augsburg-Hamburger SV,11,Sat,2025-11-22,15:30,Augsburg,1.6,1–0,1.3,Hamburger SV,30660,WWK Arena,Robin Braun,/en/matches/2ac33c25/Augsburg-Hamburger-SV-November-22-2025-Bundesliga,,2ac33c25
GER-Bundesliga,2526,2025-11-22 Bayern Munich-Freiburg,11,Sat,2025-11-22,15:30,Bayern Munich,2.9,6–2,0.7,Freiburg,75000,Allianz Arena,Sven Jablonski,/en/matches/1ed265a3/Bayern-Munich-Freiburg-November-22-2025-Bundesliga,,1ed265a3
GER-Bundesliga,2526,2025-11-22 Dortmund-Stuttgart,11,Sat,2025-11-22,15:30,Dortmund,3.0,3–3,1.5,Stuttgart,81365,Signal Iduna Park,Benjamin Brand,/en/matches/0a591c86/Dortmund-Stuttgart-November-22-2025-Bundesliga,,0a591c86
GER-Bundesliga,2526,2025-11-22 Heidenheim-Gladbach,11,Sat,2025-11-22,15:30,Heidenheim,0.4,0–3,2.2,Gladbach,15000,Voith-Arena,Frank Willenborg,/en/matches/75601473/Heidenheim-Monchengladbach-November-22-2025-Bundesliga,,75601473
GER-Bundesliga,2526,2025-11-22 Köln-Eint Frankfurt,11,Sat,2025-11-22,18:30,Köln,1.2,3–4,2.2,Eint Frankfurt,50000,RheinEnergieSTADION,Florian Badstübner,/en/matches/1cdc182e/Koln-Eintracht-Frankfurt-November-22-2025-Bundesliga,,1cdc182e
GER-Bundesliga,2526,2025-11-22 Wolfsburg-Leverkusen,11,Sat,2025-11-22,15:30,Wolfsburg,2.1,1–3,1.0,Leverkusen,25036,Volkswagen Arena,Robert Hartmann,/en/matches/7da89746/Wolfsburg-Bayer-Leverkusen-November-22-2025-Bundesliga,,7da89746
GER-Bundesliga,2526,2025-11-23 RB Leipzig-Werder Bremen,11,Sun,2025-11-23,15:30,RB Leipzig,2.0,2–0,0.8,Werder Bremen,47800,Red Bull Arena,Martin Petersen,/en/matches/c1e7c407/RB-Leipzig-Werder-Bremen-November-23-2025-Bundesliga,,c1e7c407
GER-Bundesliga,2526,2025-11-23 St. Pauli-Union Berlin,11,Sun,2025-11-23,17:30,St. Pauli,0.7,0–1,0.5,Union Berlin,29546,Millerntor-Stadion,Tobias Stieler,/en/matches/8819acc2/St-Pauli-Union-Berlin-November-23-2025-Bundesliga,,8819acc2
GER-Bundesliga,2526,2025-11-28 Gladbach-RB Leipzig,12,Fri,2025-11-28,20:30,Gladbach,0.4,0–0,0.9,RB Leipzig,50029,Stadion im Borussia-Park,Timo Gerach,/en/matches/4c313506/Monchengladbach-RB-Leipzig-November-28-2025-Bundesliga,,4c313506
GER-Bundesliga,2526,2025-11-29 Bayern Munich-St. Pauli,12,Sat,2025-11-29,15:30,Bayern Munich,2.3,3–1,0.5,St. Pauli,75000,Allianz Arena,Felix Zwayer,/en/matches/8c986b0e/Bayern-Munich-St-Pauli-November-29-2025-Bundesliga,,8c986b0e
GER-Bundesliga,2526,2025-11-29 Hoffenheim-Augsburg,12,Sat,2025-11-29,15:30,Hoffenheim,2.0,3–0,1.0,Augsburg,20218,PreZero Arena,Christian Dingert,/en/matches/f44b0b62/Hoffenheim-Augsburg-November-29-2025-Bundesliga,,f44b0b62
GER-Bundesliga,2526,2025-11-29 Leverkusen-Dortmund,12,Sat,2025-11-29,18:30,Leverkusen,0.8,1–2,1.1,Dortmund,30210,BayArena,Tobias Welz,/en/matches/17573d46/Bayer-Leverkusen-Dortmund-November-29-2025-Bundesliga,,17573d46
GER-Bundesliga,2526,2025-11-29 Union Berlin-Heidenheim,12,Sat,2025-11-29,15:30,Union Berlin,1.0,1–2,0.6,Heidenheim,22012,Stadion An der Alten Försterei,Patrick Ittrich,/en/matches/725f87d9/Union-Berlin-Heidenheim-November-29-2025-Bundesliga,,725f87d9
GER-Bundesliga,2526,2025-11-29 Werder Bremen-Köln,12,Sat,2025-11-29,15:30,Werder Bremen,1.1,1–1,1.0,Köln,41800,Weserstadion,Bastian Dankert,/en/matches/b71d523d/Werder-Bremen-Koln-November-29-2025-Bundesliga,,b71d523d
GER-Bundesliga,2526,2025-11-30 Eint Frankfurt-Wolfsburg,12,Sun,2025-11-30,17:30,Eint Frankfurt,1.6,1–1,1.8,Wolfsburg,58000,Deutsche Bank Park,Harm Osmers,/en/matches/a661ffbb/Eintracht-Frankfurt-Wolfsburg-November-30-2025-Bundesliga,,a661ffbb
GER-Bundesliga,2526,2025-11-30 Freiburg-Mainz 05,12,Sun,2025-11-30,19:30,Freiburg,4.2,4–0,0.1,Mainz 05,33200,Europa-Park Stadion,Daniel Schlager,/en/matches/057b3b0a/Freiburg-Mainz-05-November-30-2025-Bundesliga,,057b3b0a
GER-Bundesliga,2526,2025-11-30 Hamburger SV-Stuttgart,12,Sun,2025-11-30,15:30,Hamburger SV,1.0,2–1,0.8,Stuttgart,57000,Volksparkstadion,Sören Storks,/en/matches/ed319a92/Hamburger-SV-Stuttgart-November-30-2025-Bundesliga,,ed319a92
GER-Bundesliga,2526,2025-12-05 Mainz 05-Gladbach,13,Fri,2025-12-05,20:30,Mainz 05,1.0,0–1,1.7,Gladbach,30500,Mewa Arena,Benjamin Brand,/en/matches/cb450c68/Mainz-05-Monchengladbach-December-5-2025-Bundesliga,,cb450c68
GER-Bundesliga,2526,2025-12-06 Augsburg-Leverkusen,13,Sat,2025-12-06,15:30,Augsburg,1.5,2–0,1.6,Leverkusen,30000,WWK Arena,Sven Jablonski,/en/matches/bcb23639/Augsburg-Bayer-Leverkusen-December-6-2025-Bundesliga,,bcb23639
GER-Bundesliga,2526,2025-12-06 Heidenheim-Freiburg,13,Sat,2025-12-06,15:30,Heidenheim,2.1,2–1,1.0,Freiburg,15000,Voith-Arena,Florian Exner,/en/matches/685d5d9b/Heidenheim-Freiburg-December-6-2025-Bundesliga,,685d5d9b
GER-Bundesliga,2526,2025-12-06 Köln-St. Pauli,13,Sat,2025-12-06,15:30,Köln,1.9,1–1,0.1,St. Pauli,50000,RheinEnergieSTADION,Tobias Reichel,/en/matches/bd6f505b/Koln-St-Pauli-December-6-2025-Bundesliga,,bd6f505b
GER-Bundesliga,2526,2025-12-06 RB Leipzig-Eint Frankfurt,13,Sat,2025-12-06,18:30,RB Leipzig,3.6,6–0,0.6,Eint Frankfurt,47012,Red Bull Arena,Daniel Siebert,/en/matches/680e8885/RB-Leipzig-Eintracht-Frankfurt-December-6-2025-Bundesliga,,680e8885
GER-Bundesliga,2526,2025-12-06 Stuttgart-Bayern Munich,13,Sat,2025-12-06,15:30,Stuttgart,0.9,0–5,3.3,Bayern Munich,60000,MHPArena,Tobias Stieler,/en/matches/951333e9/Stuttgart-Bayern-Munich-December-6-2025-Bundesliga,,951333e9
GER-Bundesliga,2526,2025-12-06 Wolfsburg-Union Berlin,13,Sat,2025-12-06,15:30,Wolfsburg,0.7,3–1,1.9,Union Berlin,23045,Volkswagen Arena,Robert Schröder,/en/matches/21e9e374/Wolfsburg-Union-Berlin-December-6-2025-Bundesliga,,21e9e374
GER-Bundesliga,2526,2025-12-07 Dortmund-Hoffenheim,13,Sun,2025-12-07,17:30,Dortmund,1.6,2–0,1.1,Hoffenheim,81365,Signal Iduna Park,Florian Badstübner,/en/matches/f2dc84bc/Dortmund-Hoffenheim-December-7-2025-Bundesliga,,f2dc84bc
GER-Bundesliga,2526,2025-12-07 Hamburger SV-Werder Bremen,13,Sun,2025-12-07,15:30,Hamburger SV,1.3,3–2,0.7,Werder Bremen,56100,Volksparkstadion,Sascha Stegemann,/en/matches/c333d68f/Hamburger-SV-Werder-Bremen-December-7-2025-Bundesliga,,c333d68f
GER-Bundesliga,2526,2025-12-12 Union Berlin-RB Leipzig,14,Fri,2025-12-12,20:30,Union Berlin,1.4,3–1,0.5,RB Leipzig,,Stadion An der Alten Försterei,Daniel Schlager,/en/matches/4dc11eae/Union-Berlin-RB-Leipzig-December-12-2025-Bundesliga,,4dc11eae
GER-Bundesliga,2526,2025-12-13 Eint Frankfurt-Augsburg,14,Sat,2025-12-13,15:30,Eint Frankfurt,,,,Augsburg,,Deutsche Bank Park,,,,
GER-Bundesliga,2526,2025-12-13 Gladbach-Wolfsburg,14,Sat,2025-12-13,15:30,Gladbach,,,,Wolfsburg,,Stadion im Borussia-Park,,,,
GER-Bundesliga,2526,2025-12-13 Hoffenheim-Hamburger SV,14,Sat,2025-12-13,15:30,Hoffenheim,,,,Hamburger SV,,PreZero Arena,,,,
GER-Bundesliga,2526,2025-12-13 Leverkusen-Köln,14,Sat,2025-12-13,18:30,Leverkusen,,,,Köln,,BayArena,,,,
GER-Bundesliga,2526,2025-12-13 St. Pauli-Heidenheim,14,Sat,2025-12-13,15:30,St. Pauli,,,,Heidenheim,,Millerntor-Stadion,,,,
GER-Bundesliga,2526,2025-12-14 Bayern Munich-Mainz 05,14,Sun,2025-12-14,17:30,Bayern Munich,,,,Mainz 05,,Allianz Arena,,,,
GER-Bundesliga,2526,2025-12-14 Freiburg-Dortmund,14,Sun,2025-12-14,15:30,Freiburg,,,,Dortmund,,Europa-Park Stadion,,,,
GER-Bundesliga,2526,2025-12-14 Werder Bremen-Stuttgart,14,Sun,2025-12-14,19:30,Werder Bremen,,,,Stuttgart,,Weserstadion,,,,
GER-Bundesliga,2526,2025-12-19 Dortmund-Gladbach,15,Fri,2025-12-19,20:30,Dortmund,,,,Gladbach,,Signal Iduna Park,,,,
GER-Bundesliga,2526,2025-12-20 Augsburg-Werder Bremen,15,Sat,2025-12-20,15:30,Augsburg,,,,Werder Bremen,,WWK Arena,,,,
GER-Bundesliga,2526,2025-12-20 Hamburger SV-Eint Frankfurt,15,Sat,2025-12-20,15:30,Hamburger SV,,,,Eint Frankfurt,,Volksparkstadion,,,,
GER-Bundesliga,2526,2025-12-20 Köln-Union Berlin,15,Sat,2025-12-20,15:30,Köln,,,,Union Berlin,,RheinEnergieSTADION,,,,
GER-Bundesliga,2526,2025-12-20 RB Leipzig-Leverkusen,15,Sat,2025-12-20,18:30,RB Leipzig,,,,Leverkusen,,Red Bull Arena,,,,
GER-Bundesliga,2526,2025-12-20 Stuttgart-Hoffenheim,15,Sat,2025-12-20,15:30,Stuttgart,,,,Hoffenheim,,MHPArena,,,,
GER-Bundesliga,2526,2025-12-20 Wolfsburg-Freiburg,15,Sat,2025-12-20,15:30,Wolfsburg,,,,Freiburg,,Volkswagen Arena,,,,
GER-Bundesliga,2526,2025-12-21 Heidenheim-Bayern Munich,15,Sun,2025-12-21,17:30,Heidenheim,,,,Bayern Munich,,Voith-Arena,,,,
GER-Bundesliga,2526,2025-12-21 Mainz 05-St. Pauli,15,Sun,2025-12-21,15:30,Mainz 05,,,,St. Pauli,,Mewa Arena,,,,
GER-Bundesliga,2526,2026-01-09 Eint Frankfurt-Dortmund,16,Fri,2026-01-09,20:30,Eint Frankfurt,,,,Dortmund,,Deutsche Bank Park,,,,
GER-Bundesliga,2526,2026-01-10 Freiburg-Hamburger SV,16,Sat,2026-01-10,15:30,Freiburg,,,,Hamburger SV,,Europa-Park Stadion,,,,
GER-Bundesliga,2526,2026-01-10 Heidenheim-Köln,16,Sat,2026-01-10,15:30,Heidenheim,,,,Köln,,Voith-Arena,,,,
GER-Bundesliga,2526,2026-01-10 Leverkusen-Stuttgart,16,Sat,2026-01-10,18:30,Leverkusen,,,,Stuttgart,,BayArena,,,,
GER-Bundesliga,2526,2026-01-10 St. Pauli-RB Leipzig,16,Sat,2026-01-10,15:30,St. Pauli,,,,RB Leipzig,,Millerntor-Stadion,,,,
GER-Bundesliga,2526,2026-01-10 Union Berlin-Mainz 05,16,Sat,2026-01-10,15:30,Union Berlin,,,,Mainz 05,,Stadion An der Alten Försterei,,,,
GER-Bundesliga,2526,2026-01-10 Werder Bremen-Hoffenheim,16,Sat,2026-01-10,15:30,Werder Bremen,,,,Hoffenheim,,Weserstadion,,,,
GER-Bundesliga,2526,2026-01-11 Bayern Munich-Wolfsburg,16,Sun,2026-01-11,17:30,Bayern Munich,,,,Wolfsburg,,Allianz Arena,,,,
GER-Bundesliga,2526,2026-01-11 Gladbach-Augsburg,16,Sun,2026-01-11,15:30,Gladbach,,,,Augsburg,,Stadion im Borussia-Park,,,,
GER-Bundesliga,2526,2026-01-13 Dortmund-Werder Bremen,17,Tue,2026-01-13,20:30,Dortmund,,,,Werder Bremen,,Signal Iduna Park,,,,
GER-Bundesliga,2526,2026-01-13 Hamburger SV-Leverkusen,17,Tue,2026-01-13,20:30,Hamburger SV,,,,Leverkusen,,Volksparkstadion,,,,
GER-Bundesliga,2526,2026-01-13 Mainz 05-Heidenheim,17,Tue,2026-01-13,20:30,Mainz 05,,,,Heidenheim,,Mewa Arena,,,,
GER-Bundesliga,2526,2026-01-13 Stuttgart-Eint Frankfurt,17,Tue,2026-01-13,18:30,Stuttgart,,,,Eint Frankfurt,,MHPArena,,,,
GER-Bundesliga,2526,2026-01-14 Hoffenheim-Gladbach,17,Wed,2026-01-14,20:30,Hoffenheim,,,,Gladbach,,PreZero Arena,,,,
GER-Bundesliga,2526,2026-01-14 Köln-Bayern Munich,17,Wed,2026-01-14,20:30,Köln,,,,Bayern Munich,,RheinEnergieSTADION,,,,
GER-Bundesliga,2526,2026-01-14 RB Leipzig-Freiburg,17,Wed,2026-01-14,20:30,RB Leipzig,,,,Freiburg,,Red Bull Arena,,,,
GER-Bundesliga,2526,2026-01-14 Wolfsburg-St. Pauli,17,Wed,2026-01-14,18:30,Wolfsburg,,,,St. Pauli,,Volkswagen Arena,,,,
GER-Bundesliga,2526,2026-01-15 Augsburg-Union Berlin,17,Thu,2026-01-15,20:30,Augsburg,,,,Union Berlin,,WWK Arena,,,,
GER-Bundesliga,2526,2026-01-16 Werder Bremen-Eint Frankfurt,18,Fri,2026-01-16,20:30,Werder Bremen,,,,Eint Frankfurt,,Weserstadion,,,,
GER-Bundesliga,2526,2026-01-17 Dortmund-St. Pauli,18,Sat,2026-01-17,15:30,Dortmund,,,,St. Pauli,,Signal Iduna Park,,,,
GER-Bundesliga,2526,2026-01-17 Hamburger SV-Gladbach,18,Sat,2026-01-17,15:30,Hamburger SV,,,,Gladbach,,Volksparkstadion,,,,
GER-Bundesliga,2526,2026-01-17 Hoffenheim-Leverkusen,18,Sat,2026-01-17,15:30,Hoffenheim,,,,Leverkusen,,PreZero Arena,,,,
GER-Bundesliga,2526,2026-01-17 Köln-Mainz 05,18,Sat,2026-01-17,15:30,Köln,,,,Mainz 05,,RheinEnergieSTADION,,,,
GER-Bundesliga,2526,2026-01-17 RB Leipzig-Bayern Munich,18,Sat,2026-01-17,18:30,RB Leipzig,,,,Bayern Munich,,Red Bull Arena,,,,
GER-Bundesliga,2526,2026-01-17 Wolfsburg-Heidenheim,18,Sat,2026-01-17,15:30,Wolfsburg,,,,Heidenheim,,Volkswagen Arena,,,,
GER-Bundesliga,2526,2026-01-18 Augsburg-Freiburg,18,Sun,2026-01-18,17:30,Augsburg,,,,Freiburg,,WWK Arena,,,,
GER-Bundesliga,2526,2026-01-18 Stuttgart-Union Berlin,18,Sun,2026-01-18,15:30,Stuttgart,,,,Union Berlin,,MHPArena,,,,
GER-Bundesliga,2526,2026-01-23 St. Pauli-Hamburger SV,19,Fri,2026-01-23,20:30,St. Pauli,,,,Hamburger SV,,Millerntor-Stadion,,,,
GER-Bundesliga,2526,2026-01-24 Bayern Munich-Augsburg,19,Sat,2026-01-24,15:30,Bayern Munich,,,,Augsburg,,Allianz Arena,,,,
GER-Bundesliga,2526,2026-01-24 Eint Frankfurt-Hoffenheim,19,Sat,2026-01-24,15:30,Eint Frankfurt,,,,Hoffenheim,,Deutsche Bank Park,,,,
GER-Bundesliga,2526,2026-01-24 Heidenheim-RB Leipzig,19,Sat,2026-01-24,15:30,Heidenheim,,,,RB Leipzig,,Voith-Arena,,,,
GER-Bundesliga,2526,2026-01-24 Leverkusen-Werder Bremen,19,Sat,2026-01-24,15:30,Leverkusen,,,,Werder Bremen,,BayArena,,,,
GER-Bundesliga,2526,2026-01-24 Mainz 05-Wolfsburg,19,Sat,2026-01-24,15:30,Mainz 05,,,,Wolfsburg,,Mewa Arena,,,,
GER-Bundesliga,2526,2026-01-24 Union Berlin-Dortmund,19,Sat,2026-01-24,18:30,Union Berlin,,,,Dortmund,,Stadion An der Alten Försterei,,,,
GER-Bundesliga,2526,2026-01-25 Freiburg-Köln,19,Sun,2026-01-25,17:30,Freiburg,,,,Köln,,Europa-Park Stadion,,,,
GER-Bundesliga,2526,2026-01-25 Gladbach-Stuttgart,19,Sun,2026-01-25,15:30,Gladbach,,,,Stuttgart,,Stadion im Borussia-Park,,,,
GER-Bundesliga,2526,2026-01-31 Augsburg-St. Pauli,20,Sat,2026-01-31,,Augsburg,,,,St. Pauli,,WWK Arena,,,,
GER-Bundesliga,2526,2026-01-31 Dortmund-Heidenheim,20,Sat,2026-01-31,,Dortmund,,,,Heidenheim,,Signal Iduna Park,,,,
GER-Bundesliga,2526,2026-01-31 Eint Frankfurt-Leverkusen,20,Sat,2026-01-31,,Eint Frankfurt,,,,Leverkusen,,Deutsche Bank Park,,,,
GER-Bundesliga,2526,2026-01-31 Hamburger SV-Bayern Munich,20,Sat,2026-01-31,,Hamburger SV,,,,Bayern Munich,,Volksparkstadion,,,,
GER-Bundesliga,2526,2026-01-31 Hoffenheim-Union Berlin,20,Sat,2026-01-31,,Hoffenheim,,,,Union Berlin,,PreZero Arena,,,,
GER-Bundesliga,2526,2026-01-31 Köln-Wolfsburg,20,Sat,2026-01-31,,Köln,,,,Wolfsburg,,RheinEnergieSTADION,,,,
GER-Bundesliga,2526,2026-01-31 RB Leipzig-Mainz 05,20,Sat,2026-01-31,,RB Leipzig,,,,Mainz 05,,Red Bull Arena,,,,
GER-Bundesliga,2526,2026-01-31 Stuttgart-Freiburg,20,Sat,2026-01-31,,Stuttgart,,,,Freiburg,,MHPArena,,,,
GER-Bundesliga,2526,2026-01-31 Werder Bremen-Gladbach,20,Sat,2026-01-31,,Werder Bremen,,,,Gladbach,,Weserstadion,,,,
GER-Bundesliga,2526,2026-02-07 Bayern Munich-Hoffenheim,21,Sat,2026-02-07,,Bayern Munich,,,,Hoffenheim,,Allianz Arena,,,,
GER-Bundesliga,2526,2026-02-07 Freiburg-Werder Bremen,21,Sat,2026-02-07,,Freiburg,,,,Werder Bremen,,Europa-Park Stadion,,,,
GER-Bundesliga,2526,2026-02-07 Gladbach-Leverkusen,21,Sat,2026-02-07,,Gladbach,,,,Leverkusen,,Stadion im Borussia-Park,,,,
GER-Bundesliga,2526,2026-02-07 Heidenheim-Hamburger SV,21,Sat,2026-02-07,,Heidenheim,,,,Hamburger SV,,Voith-Arena,,,,
GER-Bundesliga,2526,2026-02-07 Köln-RB Leipzig,21,Sat,2026-02-07,,Köln,,,,RB Leipzig,,RheinEnergieSTADION,,,,
GER-Bundesliga,2526,2026-02-07 Mainz 05-Augsburg,21,Sat,2026-02-07,,Mainz 05,,,,Augsburg,,Mewa Arena,,,,
GER-Bundesliga,2526,2026-02-07 St. Pauli-Stuttgart,21,Sat,2026-02-07,,St. Pauli,,,,Stuttgart,,Millerntor-Stadion,,,,
GER-Bundesliga,2526,2026-02-07 Union Berlin-Eint Frankfurt,21,Sat,2026-02-07,,Union Berlin,,,,Eint Frankfurt,,Stadion An der Alten Försterei,,,,
GER-Bundesliga,2526,2026-02-07 Wolfsburg-Dortmund,21,Sat,2026-02-07,,Wolfsburg,,,,Dortmund,,Volkswagen Arena,,,,
GER-Bundesliga,2526,2026-02-14 Augsburg-Heidenheim,22,Sat,2026-02-14,,Augsburg,,,,Heidenheim,,WWK Arena,,,,
GER-Bundesliga,2526,2026-02-14 Dortmund-Mainz 05,22,Sat,2026-02-14,,Dortmund,,,,Mainz 05,,Signal Iduna Park,,,,
GER-Bundesliga,2526,2026-02-14 Eint Frankfurt-Gladbach,22,Sat,2026-02-14,,Eint Frankfurt,,,,Gladbach,,Deutsche Bank Park,,,,
GER-Bundesliga,2526,2026-02-14 Hamburger SV-Union Berlin,22,Sat,2026-02-14,,Hamburger SV,,,,Union Berlin,,Volksparkstadion,,,,
GER-Bundesliga,2526,2026-02-14 Hoffenheim-Freiburg,22,Sat,2026-02-14,,Hoffenheim,,,,Freiburg,,PreZero Arena,,,,
GER-Bundesliga,2526,2026-02-14 Leverkusen-St. Pauli,22,Sat,2026-02-14,,Leverkusen,,,,St. Pauli,,BayArena,,,,
GER-Bundesliga,2526,2026-02-14 RB Leipzig-Wolfsburg,22,Sat,2026-02-14,,RB Leipzig,,,,Wolfsburg,,Red Bull Arena,,,,
GER-Bundesliga,2526,2026-02-14 Stuttgart-Köln,22,Sat,2026-02-14,,Stuttgart,,,,Köln,,MHPArena,,,,
GER-Bundesliga,2526,2026-02-14 Werder Bremen-Bayern Munich,22,Sat,2026-02-14,,Werder Bremen,,,,Bayern Munich,,Weserstadion,,,,
GER-Bundesliga,2526,2026-02-21 Bayern Munich-Eint Frankfurt,23,Sat,2026-02-21,,Bayern Munich,,,,Eint Frankfurt,,Allianz Arena,,,,
GER-Bundesliga,2526,2026-02-21 Freiburg-Gladbach,23,Sat,2026-02-21,,Freiburg,,,,Gladbach,,Europa-Park Stadion,,,,
GER-Bundesliga,2526,2026-02-21 Heidenheim-Stuttgart,23,Sat,2026-02-21,,Heidenheim,,,,Stuttgart,,Voith-Arena,,,,
GER-Bundesliga,2526,2026-02-21 Köln-Hoffenheim,23,Sat,2026-02-21,,Köln,,,,Hoffenheim,,RheinEnergieSTADION,,,,
GER-Bundesliga,2526,2026-02-21 Mainz 05-Hamburger SV,23,Sat,2026-02-21,,Mainz 05,,,,Hamburger SV,,Mewa Arena,,,,
GER-Bundesliga,2526,2026-02-21 RB Leipzig-Dortmund,23,Sat,2026-02-21,,RB Leipzig,,,,Dortmund,,Red Bull Arena,,,,
GER-Bundesliga,2526,2026-02-21 St. Pauli-Werder Bremen,23,Sat,2026-02-21,,St. Pauli,,,,Werder Bremen,,Millerntor-Stadion,,,,
GER-Bundesliga,2526,2026-02-21 Union Berlin-Leverkusen,23,Sat,2026-02-21,,Union Berlin,,,,Leverkusen,,Stadion An der Alten Försterei,,,,
GER-Bundesliga,2526,2026-02-21 Wolfsburg-Augsburg,23,Sat,2026-02-21,,Wolfsburg,,,,Augsburg,,Volkswagen Arena,,,,
GER-Bundesliga,2526,2026-02-28 Augsburg-Köln,24,Sat,2026-02-28,,Augsburg,,,,Köln,,WWK Arena,,,,
GER-Bundesliga,2526,2026-02-28 Dortmund-Bayern Munich,24,Sat,2026-02-28,,Dortmund,,,,Bayern Munich,,Signal Iduna Park,,,,
GER-Bundesliga,2526,2026-02-28 Eint Frankfurt-Freiburg,24,Sat,2026-02-28,,Eint Frankfurt,,,,Freiburg,,Deutsche Bank Park,,,,
GER-Bundesliga,2526,2026-02-28 Gladbach-Union Berlin,24,Sat,2026-02-28,,Gladbach,,,,Union Berlin,,Stadion im Borussia-Park,,,,
GER-Bundesliga,2526,2026-02-28 Hamburger SV-RB Leipzig,24,Sat,2026-02-28,,Hamburger SV,,,,RB Leipzig,,Volksparkstadion,,,,
GER-Bundesliga,2526,2026-02-28 Hoffenheim-St. Pauli,24,Sat,2026-02-28,,Hoffenheim,,,,St. Pauli,,PreZero Arena,,,,
GER-Bundesliga,2526,2026-02-28 Leverkusen-Mainz 05,24,Sat,2026-02-28,,Leverkusen,,,,Mainz 05,,BayArena,,,,
GER-Bundesliga,2526,2026-02-28 Stuttgart-Wolfsburg,24,Sat,2026-02-28,,Stuttgart,,,,Wolfsburg,,MHPArena,,,,
GER-Bundesliga,2526,2026-02-28 Werder Bremen-Heidenheim,24,Sat,2026-02-28,,Werder Bremen,,,,Heidenheim,,Weserstadion,,,,
GER-Bundesliga,2526,2026-03-07 Bayern Munich-Gladbach,25,Sat,2026-03-07,,Bayern Munich,,,,Gladbach,,Allianz Arena,,,,
GER-Bundesliga,2526,2026-03-07 Freiburg-Leverkusen,25,Sat,2026-03-07,,Freiburg,,,,Leverkusen,,Europa-Park Stadion,,,,
GER-Bundesliga,2526,2026-03-07 Heidenheim-Hoffenheim,25,Sat,2026-03-07,,Heidenheim,,,,Hoffenheim,,Voith-Arena,,,,
GER-Bundesliga,2526,2026-03-07 Köln-Dortmund,25,Sat,2026-03-07,,Köln,,,,Dortmund,,RheinEnergieSTADION,,,,
GER-Bundesliga,2526,2026-03-07 Mainz 05-Stuttgart,25,Sat,2026-03-07,,Mainz 05,,,,Stuttgart,,Mewa Arena,,,,
GER-Bundesliga,2526,2026-03-07 RB Leipzig-Augsburg,25,Sat,2026-03-07,,RB Leipzig,,,,Augsburg,,Red Bull Arena,,,,
GER-Bundesliga,2526,2026-03-07 St. Pauli-Eint Frankfurt,25,Sat,2026-03-07,,St. Pauli,,,,Eint Frankfurt,,Millerntor-Stadion,,,,
GER-Bundesliga,2526,2026-03-07 Union Berlin-Werder Bremen,25,Sat,2026-03-07,,Union Berlin,,,,Werder Bremen,,Stadion An der Alten Försterei,,,,
GER-Bundesliga,2526,2026-03-07 Wolfsburg-Hamburger SV,25,Sat,2026-03-07,,Wolfsburg,,,,Hamburger SV,,Volkswagen Arena,,,,
GER-Bundesliga,2526,2026-03-14 Dortmund-Augsburg,26,Sat,2026-03-14,,Dortmund,,,,Augsburg,,Signal Iduna Park,,,,
GER-Bundesliga,2526,2026-03-14 Eint Frankfurt-Heidenheim,26,Sat,2026-03-14,,Eint Frankfurt,,,,Heidenheim,,Deutsche Bank Park,,,,
GER-Bundesliga,2526,2026-03-14 Freiburg-Union Berlin,26,Sat,2026-03-14,,Freiburg,,,,Union Berlin,,Europa-Park Stadion,,,,
GER-Bundesliga,2526,2026-03-14 Gladbach-St. Pauli,26,Sat,2026-03-14,,Gladbach,,,,St. Pauli,,Stadion im Borussia-Park,,,,
GER-Bundesliga,2526,2026-03-14 Hamburger SV-Köln,26,Sat,2026-03-14,,Hamburger SV,,,,Köln,,Volksparkstadion,,,,
GER-Bundesliga,2526,2026-03-14 Hoffenheim-Wolfsburg,26,Sat,2026-03-14,,Hoffenheim,,,,Wolfsburg,,PreZero Arena,,,,
GER-Bundesliga,2526,2026-03-14 Leverkusen-Bayern Munich,26,Sat,2026-03-14,,Leverkusen,,,,Bayern Munich,,BayArena,,,,
GER-Bundesliga,2526,2026-03-14 Stuttgart-RB Leipzig,26,Sat,2026-03-14,,Stuttgart,,,,RB Leipzig,,MHPArena,,,,
GER-Bundesliga,2526,2026-03-14 Werder Bremen-Mainz 05,26,Sat,2026-03-14,,Werder Bremen,,,,Mainz 05,,Weserstadion,,,,
GER-Bundesliga,2526,2026-03-21 Augsburg-Stuttgart,27,Sat,2026-03-21,,Augsburg,,,,Stuttgart,,WWK Arena,,,,
GER-Bundesliga,2526,2026-03-21 Bayern Munich-Union Berlin,27,Sat,2026-03-21,,Bayern Munich,,,,Union Berlin,,Allianz Arena,,,,
GER-Bundesliga,2526,2026-03-21 Dortmund-Hamburger SV,27,Sat,2026-03-21,,Dortmund,,,,Hamburger SV,,Signal Iduna Park,,,,
GER-Bundesliga,2526,2026-03-21 Heidenheim-Leverkusen,27,Sat,2026-03-21,,Heidenheim,,,,Leverkusen,,Voith-Arena,,,,
GER-Bundesliga,2526,2026-03-21 Köln-Gladbach,27,Sat,2026-03-21,,Köln,,,,Gladbach,,RheinEnergieSTADION,,,,
GER-Bundesliga,2526,2026-03-21 Mainz 05-Eint Frankfurt,27,Sat,2026-03-21,,Mainz 05,,,,Eint Frankfurt,,Mewa Arena,,,,
GER-Bundesliga,2526,2026-03-21 RB Leipzig-Hoffenheim,27,Sat,2026-03-21,,RB Leipzig,,,,Hoffenheim,,Red Bull Arena,,,,
GER-Bundesliga,2526,2026-03-21 St. Pauli-Freiburg,27,Sat,2026-03-21,,St. Pauli,,,,Freiburg,,Millerntor-Stadion,,,,
GER-Bundesliga,2526,2026-03-21 Wolfsburg-Werder Bremen,27,Sat,2026-03-21,,Wolfsburg,,,,Werder Bremen,,Volkswagen Arena,,,,
GER-Bundesliga,2526,2026-04-04 Eint Frankfurt-Köln,28,Sat,2026-04-04,,Eint Frankfurt,,,,Köln,,Deutsche Bank Park,,,,
GER-Bundesliga,2526,2026-04-04 Freiburg-Bayern Munich,28,Sat,2026-04-04,,Freiburg,,,,Bayern Munich,,Europa-Park Stadion,,,,
GER-Bundesliga,2526,2026-04-04 Gladbach-Heidenheim,28,Sat,2026-04-04,,Gladbach,,,,Heidenheim,,Stadion im Borussia-Park,,,,
GER-Bundesliga,2526,2026-04-04 Hamburger SV-Augsburg,28,Sat,2026-04-04,,Hamburger SV,,,,Augsburg,,Volksparkstadion,,,,
GER-Bundesliga,2526,2026-04-04 Hoffenheim-Mainz 05,28,Sat,2026-04-04,,Hoffenheim,,,,Mainz 05,,PreZero Arena,,,,
GER-Bundesliga,2526,2026-04-04 Leverkusen-Wolfsburg,28,Sat,2026-04-04,,Leverkusen,,,,Wolfsburg,,BayArena,,,,
GER-Bundesliga,2526,2026-04-04 Stuttgart-Dortmund,28,Sat,2026-04-04,,Stuttgart,,,,Dortmund,,MHPArena,,,,
GER-Bundesliga,2526,2026-04-04 Union Berlin-St. Pauli,28,Sat,2026-04-04,,Union Berlin,,,,St. Pauli,,Stadion An der Alten Försterei,,,,
GER-Bundesliga,2526,2026-04-04 Werder Bremen-RB Leipzig,28,Sat,2026-04-04,,Werder Bremen,,,,RB Leipzig,,Weserstadion,,,,
GER-Bundesliga,2526,2026-04-11 Augsburg-Hoffenheim,29,Sat,2026-04-11,,Augsburg,,,,Hoffenheim,,WWK Arena,,,,
GER-Bundesliga,2526,2026-04-11 Dortmund-Leverkusen,29,Sat,2026-04-11,,Dortmund,,,,Leverkusen,,Signal Iduna Park,,,,
GER-Bundesliga,2526,2026-04-11 Heidenheim-Union Berlin,29,Sat,2026-04-11,,Heidenheim,,,,Union Berlin,,Voith-Arena,,,,
GER-Bundesliga,2526,2026-04-11 Köln-Werder Bremen,29,Sat,2026-04-11,,Köln,,,,Werder Bremen,,RheinEnergieSTADION,,,,
GER-Bundesliga,2526,2026-04-11 Mainz 05-Freiburg,29,Sat,2026-04-11,,Mainz 05,,,,Freiburg,,Mewa Arena,,,,
GER-Bundesliga,2526,2026-04-11 RB Leipzig-Gladbach,29,Sat,2026-04-11,,RB Leipzig,,,,Gladbach,,Red Bull Arena,,,,
GER-Bundesliga,2526,2026-04-11 St. Pauli-Bayern Munich,29,Sat,2026-04-11,,St. Pauli,,,,Bayern Munich,,Millerntor-Stadion,,,,
GER-Bundesliga,2526,2026-04-11 Stuttgart-Hamburger SV,29,Sat,2026-04-11,,Stuttgart,,,,Hamburger SV,,MHPArena,,,,
GER-Bundesliga,2526,2026-04-11 Wolfsburg-Eint Frankfurt,29,Sat,2026-04-11,,Wolfsburg,,,,Eint Frankfurt,,Volkswagen Arena,,,,
GER-Bundesliga,2526,2026-04-18 Bayern Munich-Stuttgart,30,Sat,2026-04-18,,Bayern Munich,,,,Stuttgart,,Allianz Arena,,,,
GER-Bundesliga,2526,2026-04-18 Eint Frankfurt-RB Leipzig,30,Sat,2026-04-18,,Eint Frankfurt,,,,RB Leipzig,,Deutsche Bank Park,,,,
GER-Bundesliga,2526,2026-04-18 Freiburg-Heidenheim,30,Sat,2026-04-18,,Freiburg,,,,Heidenheim,,Europa-Park Stadion,,,,
GER-Bundesliga,2526,2026-04-18 Gladbach-Mainz 05,30,Sat,2026-04-18,,Gladbach,,,,Mainz 05,,Stadion im Borussia-Park,,,,
GER-Bundesliga,2526,2026-04-18 Hoffenheim-Dortmund,30,Sat,2026-04-18,,Hoffenheim,,,,Dortmund,,PreZero Arena,,,,
GER-Bundesliga,2526,2026-04-18 Leverkusen-Augsburg,30,Sat,2026-04-18,,Leverkusen,,,,Augsburg,,BayArena,,,,
GER-Bundesliga,2526,2026-04-18 St. Pauli-Köln,30,Sat,2026-04-18,,St. Pauli,,,,Köln,,Millerntor-Stadion,,,,
GER-Bundesliga,2526,2026-04-18 Union Berlin-Wolfsburg,30,Sat,2026-04-18,,Union Berlin,,,,Wolfsburg,,Stadion An der Alten Försterei,,,,
GER-Bundesliga,2526,2026-04-18 Werder Bremen-Hamburger SV,30,Sat,2026-04-18,,Werder Bremen,,,,Hamburger SV,,Weserstadion,,,,
GER-Bundesliga,2526,2026-04-25 Augsburg-Eint Frankfurt,31,Sat,2026-04-25,,Augsburg,,,,Eint Frankfurt,,WWK Arena,,,,
GER-Bundesliga,2526,2026-04-25 Dortmund-Freiburg,31,Sat,2026-04-25,,Dortmund,,,,Freiburg,,Signal Iduna Park,,,,
GER-Bundesliga,2526,2026-04-25 Hamburger SV-Hoffenheim,31,Sat,2026-04-25,,Hamburger SV,,,,Hoffenheim,,Volksparkstadion,,,,
GER-Bundesliga,2526,2026-04-25 Heidenheim-St. Pauli,31,Sat,2026-04-25,,Heidenheim,,,,St. Pauli,,Voith-Arena,,,,
GER-Bundesliga,2526,2026-04-25 Köln-Leverkusen,31,Sat,2026-04-25,,Köln,,,,Leverkusen,,RheinEnergieSTADION,,,,
GER-Bundesliga,2526,2026-04-25 Mainz 05-Bayern Munich,31,Sat,2026-04-25,,Mainz 05,,,,Bayern Munich,,Mewa Arena,,,,
GER-Bundesliga,2526,2026-04-25 RB Leipzig-Union Berlin,31,Sat,2026-04-25,,RB Leipzig,,,,Union Berlin,,Red Bull Arena,,,,
GER-Bundesliga,2526,2026-04-25 Stuttgart-Werder Bremen,31,Sat,2026-04-25,,Stuttgart,,,,Werder Bremen,,MHPArena,,,,
GER-Bundesliga,2526,2026-04-25 Wolfsburg-Gladbach,31,Sat,2026-04-25,,Wolfsburg,,,,Gladbach,,Volkswagen Arena,,,,
GER-Bundesliga,2526,2026-05-02 Bayern Munich-Heidenheim,32,Sat,2026-05-02,,Bayern Munich,,,,Heidenheim,,Allianz Arena,,,,
GER-Bundesliga,2526,2026-05-02 Eint Frankfurt-Hamburger SV,32,Sat,2026-05-02,,Eint Frankfurt,,,,Hamburger SV,,Deutsche Bank Park,,,,
GER-Bundesliga,2526,2026-05-02 Freiburg-Wolfsburg,32,Sat,2026-05-02,,Freiburg,,,,Wolfsburg,,Europa-Park Stadion,,,,
GER-Bundesliga,2526,2026-05-02 Gladbach-Dortmund,32,Sat,2026-05-02,,Gladbach,,,,Dortmund,,Stadion im Borussia-Park,,,,
GER-Bundesliga,2526,2026-05-02 Hoffenheim-Stuttgart,32,Sat,2026-05-02,,Hoffenheim,,,,Stuttgart,,PreZero Arena,,,,
GER-Bundesliga,2526,2026-05-02 Leverkusen-RB Leipzig,32,Sat,2026-05-02,,Leverkusen,,,,RB Leipzig,,BayArena,,,,
GER-Bundesliga,2526,2026-05-02 St. Pauli-Mainz 05,32,Sat,2026-05-02,,St. Pauli,,,,Mainz 05,,Millerntor-Stadion,,,,
GER-Bundesliga,2526,2026-05-02 Union Berlin-Köln,32,Sat,2026-05-02,,Union Berlin,,,,Köln,,Stadion An der Alten Försterei,,,,
GER-Bundesliga,2526,2026-05-02 Werder Bremen-Augsburg,32,Sat,2026-05-02,,Werder Bremen,,,,Augsburg,,Weserstadion,,,,
GER-Bundesliga,2526,2026-05-09 Augsburg-Gladbach,33,Sat,2026-05-09,,Augsburg,,,,Gladbach,,WWK Arena,,,,
GER-Bundesliga,2526,2026-05-09 Dortmund-Eint Frankfurt,33,Sat,2026-05-09,,Dortmund,,,,Eint Frankfurt,,Signal Iduna Park,,,,
GER-Bundesliga,2526,2026-05-09 Hamburger SV-Freiburg,33,Sat,2026-05-09,,Hamburger SV,,,,Freiburg,,Volksparkstadion,,,,
GER-Bundesliga,2526,2026-05-09 Hoffenheim-Werder Bremen,33,Sat,2026-05-09,,Hoffenheim,,,,Werder Bremen,,PreZero Arena,,,,
GER-Bundesliga,2526,2026-05-09 Köln-Heidenheim,33,Sat,2026-05-09,,Köln,,,,Heidenheim,,RheinEnergieSTADION,,,,
GER-Bundesliga,2526,2026-05-09 Mainz 05-Union Berlin,33,Sat,2026-05-09,,Mainz 05,,,,Union Berlin,,Mewa Arena,,,,
GER-Bundesliga,2526,2026-05-09 RB Leipzig-St. Pauli,33,Sat,2026-05-09,,RB Leipzig,,,,St. Pauli,,Red Bull Arena,,,,
GER-Bundesliga,2526,2026-05-09 Stuttgart-Leverkusen,33,Sat,2026-05-09,,Stuttgart,,,,Leverkusen,,MHPArena,,,,
GER-Bundesliga,2526,2026-05-09 Wolfsburg-Bayern Munich,33,Sat,2026-05-09,,Wolfsburg,,,,Bayern Munich,,Volkswagen Arena,,,,
GER-Bundesliga,2526,2026-05-16 Bayern Munich-Köln,34,Sat,2026-05-16,15:30,Bayern Munich,,,,Köln,,Allianz Arena,,,,
GER-Bundesliga,2526,2026-05-16 Eint Frankfurt-Stuttgart,34,Sat,2026-05-16,15:30,Eint Frankfurt,,,,Stuttgart,,Deutsche Bank Park,,,,
GER-Bundesliga,2526,2026-05-16 Freiburg-RB Leipzig,34,Sat,2026-05-16,15:30,Freiburg,,,,RB Leipzig,,Europa-Park Stadion,,,,
GER-Bundesliga,2526,2026-05-16 Gladbach-Hoffenheim,34,Sat,2026-05-16,15:30,Gladbach,,,,Hoffenheim,,Stadion im Borussia-Park,,,,
GER-Bundesliga,2526,2026-05-16 Heidenheim-Mainz 05,34,Sat,2026-05-16,15:30,Heidenheim,,,,Mainz 05,,Voith-Arena,,,,
GER-Bundesliga,2526,2026-05-16 Leverkusen-Hamburger SV,34,Sat,2026-05-16,15:30,Leverkusen,,,,Hamburger SV,,BayArena,,,,
GER-Bundesliga,2526,2026-05-16 St. Pauli-Wolfsburg,34,Sat,2026-05-16,15:30,St. Pauli,,,,Wolfsburg,,Millerntor-Stadion,,,,
GER-Bundesliga,2526,2026-05-16 Union Berlin-Augsburg,34,Sat,2026-05-16,15:30,Union Berlin,,,,Augsburg,,Stadion An der Alten Försterei,,,,
GER-Bundesliga,2526,2026-05-16 Werder Bremen-Dortmund,34,Sat,2026-05-16,15:30,Werder Bremen,,,,Dortmund,,Weserstadion,,,,
