league,season,game,week,day,date,time,home_team,home_xg,score,away_xg,away_team,attendance,venue,referee,match_report,notes,game_id
ITA-Serie A,2526,2025-08-23 Genoa-Lecce,1,Sat,2025-08-23,18:30,Genoa,0.5,0–0,0.4,Lecce,32576,Stadio Comunale Luigi Ferraris,Davide Massa,/en/matches/87b7c76e/Genoa-Lecce-August-23-2025-Serie-A,,87b7c76e
ITA-Serie A,2526,2025-08-23 Milan-Cremonese,1,Sat,2025-08-23,20:45,Milan,1.8,1–2,0.2,Cremonese,75011,Stadio Giuseppe Meazza,Giuseppe Collu,/en/matches/f12e0a33/Milan-Cremonese-August-23-2025-Serie-A,,f12e0a33
ITA-Serie A,2526,2025-08-23 Roma-Bologna,1,Sat,2025-08-23,20:45,Roma,1.6,1–0,0.6,Bologna,63681,Stadio Olimpico,Luca Zufferli,/en/matches/1d23e909/Roma-Bologna-August-23-2025-Serie-A,,1d23e909
ITA-Serie A,2526,2025-08-23 Sassuolo-Napoli,1,Sat,2025-08-23,18:30,Sassuolo,0.4,0–2,1.2,Napoli,19106,Mapei Stadium - Città del Tricolore,Giovanni Ayroldi,/en/matches/07e76b58/Sassuolo-Napoli-August-23-2025-Serie-A,,07e76b58
ITA-Serie A,2526,2025-08-24 Atalanta-Pisa,1,Sun,2025-08-24,20:45,Atalanta,1.9,1–1,0.6,Pisa,22235,New Balance Arena,Alberto Arena,/en/matches/3f9d236d/Atalanta-Pisa-August-24-2025-Serie-A,,3f9d236d
ITA-Serie A,2526,2025-08-24 Cagliari-Fiorentina,1,Sun,2025-08-24,18:30,Cagliari,1.1,1–1,1.0,Fiorentina,15723,Unipol Domus,Simone Sozza,/en/matches/87bdf9a2/Cagliari-Fiorentina-August-24-2025-Serie-A,,87bdf9a2
ITA-Serie A,2526,2025-08-24 Como-Lazio,1,Sun,2025-08-24,18:30,Como,1.3,2–0,0.3,Lazio,12055,Stadio Giuseppe Sinigaglia,Gianluca Manganiello,/en/matches/7d1f5f92/Como-Lazio-August-24-2025-Serie-A,,7d1f5f92
ITA-Serie A,2526,2025-08-24 Juventus-Parma,1,Sun,2025-08-24,20:45,Juventus,2.3,2–0,0.6,Parma,41251,Allianz Stadium,Matteo Marcenaro,/en/matches/c81450f5/Juventus-Parma-August-24-2025-Serie-A,,c81450f5
ITA-Serie A,2526,2025-08-25 Inter-Torino,1,Mon,2025-08-25,20:45,Inter,1.6,5–0,0.9,Torino,72332,Stadio Giuseppe Meazza,Federico La Penna,/en/matches/e31fc71f/Internazionale-Torino-August-25-2025-Serie-A,,e31fc71f
ITA-Serie A,2526,2025-08-25 Udinese-Hellas Verona,1,Mon,2025-08-25,18:30,Udinese,0.7,1–1,0.5,Hellas Verona,20706,Bluenergy Stadium,Paride Tremolada,/en/matches/daabb1e7/Udinese-Hellas-Verona-August-25-2025-Serie-A,,daabb1e7
ITA-Serie A,2526,2025-08-29 Cremonese-Sassuolo,2,Fri,2025-08-29,18:30,Cremonese,2.7,3–2,1.3,Sassuolo,10300,Stadio Giovanni Zini,Marco Guida,/en/matches/a1a06adb/Cremonese-Sassuolo-August-29-2025-Serie-A,,a1a06adb
ITA-Serie A,2526,2025-08-29 Lecce-Milan,2,Fri,2025-08-29,20:45,Lecce,0.3,0–2,1.8,Milan,28227,Stadio Comunale Ettore Giardiniero,Livio Marinelli,/en/matches/52bcfb92/Lecce-Milan-August-29-2025-Serie-A,,52bcfb92
ITA-Serie A,2526,2025-08-30 Bologna-Como,2,Sat,2025-08-30,18:30,Bologna,1.1,1–0,0.7,Como,28369,Stadio Renato Dall'Ara,Daniele Doveri,/en/matches/3915059e/Bologna-Como-August-30-2025-Serie-A,,3915059e
ITA-Serie A,2526,2025-08-30 Napoli-Cagliari,2,Sat,2025-08-30,20:45,Napoli,1.5,1–0,0.5,Cagliari,50497,Stadio Diego Armando Maradona,Kevin Bonacina,/en/matches/3b406c14/Napoli-Cagliari-August-30-2025-Serie-A,,3b406c14
ITA-Serie A,2526,2025-08-30 Parma-Atalanta,2,Sat,2025-08-30,18:30,Parma,0.7,1–1,0.8,Atalanta,17212,Stadio Ennio Tardini,Maurizio Mariani,/en/matches/f480af1b/Parma-Atalanta-August-30-2025-Serie-A,,f480af1b
ITA-Serie A,2526,2025-08-30 Pisa-Roma,2,Sat,2025-08-30,20:45,Pisa,0.6,0–1,0.8,Roma,11554,Arena Garibaldi - Stadio Romeo Anconetan...,Giuseppe Collu,/en/matches/320ed988/Pisa-Roma-August-30-2025-Serie-A,,320ed988
ITA-Serie A,2526,2025-08-31 Genoa-Juventus,2,Sun,2025-08-31,18:30,Genoa,0.5,0–1,0.9,Juventus,33522,Stadio Comunale Luigi Ferraris,Daniele Chiffi,/en/matches/c32d8523/Genoa-Juventus-August-31-2025-Serie-A,,c32d8523
ITA-Serie A,2526,2025-08-31 Inter-Udinese,2,Sun,2025-08-31,20:45,Inter,1.8,1–2,1.1,Udinese,70796,Stadio Giuseppe Meazza,Matteo Marchetti,/en/matches/b75698d3/Internazionale-Udinese-August-31-2025-Serie-A,,b75698d3
ITA-Serie A,2526,2025-08-31 Lazio-Hellas Verona,2,Sun,2025-08-31,20:45,Lazio,4.1,4–0,0.9,Hellas Verona,43603,Stadio Olimpico,Valerio Crezzini,/en/matches/69e1ae6c/Lazio-Hellas-Verona-August-31-2025-Serie-A,,69e1ae6c
ITA-Serie A,2526,2025-08-31 Torino-Fiorentina,2,Sun,2025-08-31,18:30,Torino,1.0,0–0,1.7,Fiorentina,20127,Stadio Olimpico Grande Torino,Rosario Abisso,/en/matches/783774f4/Torino-Fiorentina-August-31-2025-Serie-A,,783774f4
ITA-Serie A,2526,2025-09-13 Cagliari-Parma,3,Sat,2025-09-13,15:00,Cagliari,1.1,2–0,1.9,Parma,16078,Unipol Domus,Francesco Fourneau,/en/matches/5fc86d3a/Cagliari-Parma-September-13-2025-Serie-A,,5fc86d3a
ITA-Serie A,2526,2025-09-13 Fiorentina-Napoli,3,Sat,2025-09-13,20:45,Fiorentina,1.4,1–3,2.7,Napoli,21579,Stadio Artemio Franchi,Luca Zufferli,/en/matches/4ce66016/Fiorentina-Napoli-September-13-2025-Serie-A,,4ce66016
ITA-Serie A,2526,2025-09-13 Juventus-Inter,3,Sat,2025-09-13,18:00,Juventus,0.7,4–3,0.9,Inter,41664,Allianz Stadium,Andrea Colombo,/en/matches/078df490/Derby-dItalia-Juventus-Internazionale-September-13-2025-Serie-A,,078df490
ITA-Serie A,2526,2025-09-14 Atalanta-Lecce,3,Sun,2025-09-14,15:00,Atalanta,2.1,4–1,0.5,Lecce,21261,New Balance Arena,Gianluca Manganiello,/en/matches/503f0f68/Atalanta-Lecce-September-14-2025-Serie-A,,503f0f68
ITA-Serie A,2526,2025-09-14 Milan-Bologna,3,Sun,2025-09-14,20:45,Milan,1.0,1–0,0.2,Bologna,69593,Stadio Giuseppe Meazza,Matteo Marcenaro,/en/matches/cc788bff/Milan-Bologna-September-14-2025-Serie-A,,cc788bff
ITA-Serie A,2526,2025-09-14 Pisa-Udinese,3,Sun,2025-09-14,15:00,Pisa,0.5,0–1,1.0,Udinese,11126,Arena Garibaldi - Stadio Romeo Anconetan...,Davide Massa,/en/matches/1446d418/Pisa-Udinese-September-14-2025-Serie-A,,1446d418
ITA-Serie A,2526,2025-09-14 Roma-Torino,3,Sun,2025-09-14,12:30,Roma,1.1,0–1,0.6,Torino,62635,Stadio Olimpico,Giovanni Ayroldi,/en/matches/c55daa56/Roma-Torino-September-14-2025-Serie-A,,c55daa56
ITA-Serie A,2526,2025-09-14 Sassuolo-Lazio,3,Sun,2025-09-14,18:00,Sassuolo,1.1,1–0,0.8,Lazio,15016,Mapei Stadium - Città del Tricolore,Paride Tremolada,/en/matches/0eaeb316/Sassuolo-Lazio-September-14-2025-Serie-A,,0eaeb316
ITA-Serie A,2526,2025-09-15 Como-Genoa,3,Mon,2025-09-15,20:45,Como,1.8,1–1,2.2,Genoa,11858,Stadio Giuseppe Sinigaglia,Marco Piccinini,/en/matches/a483a5a9/Como-Genoa-September-15-2025-Serie-A,,a483a5a9
ITA-Serie A,2526,2025-09-15 Hellas Verona-Cremonese,3,Mon,2025-09-15,18:30,Hellas Verona,1.5,0–0,0.2,Cremonese,21406,Stadio Marc'Antonio Bentegodi,Alberto Arena,/en/matches/af69bfa1/Hellas-Verona-Cremonese-September-15-2025-Serie-A,,af69bfa1
ITA-Serie A,2526,2025-09-19 Lecce-Cagliari,4,Fri,2025-09-19,20:45,Lecce,1.0,1–2,2.2,Cagliari,26219,Stadio Comunale Ettore Giardiniero,Luca Zufferli,/en/matches/30bdd9a6/Lecce-Cagliari-September-19-2025-Serie-A,,30bdd9a6
ITA-Serie A,2526,2025-09-20 Bologna-Genoa,4,Sat,2025-09-20,15:00,Bologna,1.6,2–1,0.5,Genoa,27976,Stadio Renato Dall'Ara,Giuseppe Collu,/en/matches/2db7ade4/Bologna-Genoa-September-20-2025-Serie-A,,2db7ade4
ITA-Serie A,2526,2025-09-20 Hellas Verona-Juventus,4,Sat,2025-09-20,18:00,Hellas Verona,1.5,1–1,0.5,Juventus,27783,Stadio Marc'Antonio Bentegodi,Antonio Rapuano,/en/matches/7ffb9c39/Hellas-Verona-Juventus-September-20-2025-Serie-A,,7ffb9c39
ITA-Serie A,2526,2025-09-20 Udinese-Milan,4,Sat,2025-09-20,20:45,Udinese,0.3,0–3,1.4,Milan,24201,Bluenergy Stadium,Daniele Doveri,/en/matches/b0146cfe/Udinese-Milan-September-20-2025-Serie-A,,b0146cfe
ITA-Serie A,2526,2025-09-21 Cremonese-Parma,4,Sun,2025-09-21,15:00,Cremonese,0.1,0–0,0.8,Parma,13548,Stadio Giovanni Zini,Federico La Penna,/en/matches/c8173faf/Cremonese-Parma-September-21-2025-Serie-A,,c8173faf
ITA-Serie A,2526,2025-09-21 Fiorentina-Como,4,Sun,2025-09-21,18:00,Fiorentina,0.5,1–2,1.2,Como,21158,Stadio Artemio Franchi,Kevin Bonacina,/en/matches/f504548c/Fiorentina-Como-September-21-2025-Serie-A,,f504548c
ITA-Serie A,2526,2025-09-21 Inter-Sassuolo,4,Sun,2025-09-21,20:45,Inter,1.9,2–1,0.9,Sassuolo,68852,Stadio Giuseppe Meazza,Livio Marinelli,/en/matches/a11e9855/Internazionale-Sassuolo-September-21-2025-Serie-A,,a11e9855
ITA-Serie A,2526,2025-09-21 Lazio-Roma,4,Sun,2025-09-21,12:30,Lazio,1.0,0–1,1.1,Roma,61000,Stadio Olimpico,Simone Sozza,/en/matches/9bb3234c/Lazio-Roma-September-21-2025-Serie-A,,9bb3234c
ITA-Serie A,2526,2025-09-21 Torino-Atalanta,4,Sun,2025-09-21,15:00,Torino,1.2,0–3,1.6,Atalanta,18259,Stadio Olimpico Grande Torino,Andrea Colombo,/en/matches/033d3773/Torino-Atalanta-September-21-2025-Serie-A,,033d3773
ITA-Serie A,2526,2025-09-22 Napoli-Pisa,4,Mon,2025-09-22,20:45,Napoli,1.1,3–2,2.4,Pisa,50312,Stadio Diego Armando Maradona,Valerio Crezzini,/en/matches/9c366f0d/Napoli-Pisa-September-22-2025-Serie-A,,9c366f0d
ITA-Serie A,2526,2025-09-27 Cagliari-Inter,5,Sat,2025-09-27,20:45,Cagliari,0.2,0–2,2.8,Inter,16282,Unipol Domus,Marco Piccinini,/en/matches/45413eb5/Cagliari-Internazionale-September-27-2025-Serie-A,,45413eb5
ITA-Serie A,2526,2025-09-27 Como-Cremonese,5,Sat,2025-09-27,15:00,Como,1.3,1–1,0.4,Cremonese,10534,Stadio Giuseppe Sinigaglia,Marco Di Bello,/en/matches/53d0ff6b/Como-Cremonese-September-27-2025-Serie-A,,53d0ff6b
ITA-Serie A,2526,2025-09-27 Juventus-Atalanta,5,Sat,2025-09-27,18:00,Juventus,1.5,1–1,0.7,Atalanta,40893,Allianz Stadium,Simone Sozza,/en/matches/b08d79e5/Juventus-Atalanta-September-27-2025-Serie-A,,b08d79e5
ITA-Serie A,2526,2025-09-28 Lecce-Bologna,5,Sun,2025-09-28,18:00,Lecce,1.8,2–2,1.3,Bologna,24548,Stadio Comunale Ettore Giardiniero,Francesco Fourneau,/en/matches/6a9877df/Lecce-Bologna-September-28-2025-Serie-A,,6a9877df
ITA-Serie A,2526,2025-09-28 Milan-Napoli,5,Sun,2025-09-28,20:45,Milan,0.7,2–1,2.5,Napoli,73754,Stadio Giuseppe Meazza,Daniele Chiffi,/en/matches/57465d62/Milan-Napoli-September-28-2025-Serie-A,,57465d62
ITA-Serie A,2526,2025-09-28 Pisa-Fiorentina,5,Sun,2025-09-28,15:00,Pisa,0.7,0–0,0.9,Fiorentina,11210,Arena Garibaldi - Stadio Romeo Anconetan...,Gianluca Manganiello,/en/matches/cbdbd24f/Pisa-Fiorentina-September-28-2025-Serie-A,,cbdbd24f
ITA-Serie A,2526,2025-09-28 Roma-Hellas Verona,5,Sun,2025-09-28,15:00,Roma,0.9,2–0,1.4,Hellas Verona,62334,Stadio Olimpico,Ermanno Feliciani,/en/matches/078aaaeb/Roma-Hellas-Verona-September-28-2025-Serie-A,,078aaaeb
ITA-Serie A,2526,2025-09-28 Sassuolo-Udinese,5,Sun,2025-09-28,12:30,Sassuolo,1.2,3–1,1.4,Udinese,11160,Mapei Stadium - Città del Tricolore,Daniele Perenzoni,/en/matches/67e999eb/Sassuolo-Udinese-September-28-2025-Serie-A,,67e999eb
ITA-Serie A,2526,2025-09-29 Genoa-Lazio,5,Mon,2025-09-29,20:45,Genoa,1.6,0–3,1.2,Lazio,30824,Stadio Comunale Luigi Ferraris,Giovanni Ayroldi,/en/matches/5d6a80f9/Genoa-Lazio-September-29-2025-Serie-A,,5d6a80f9
ITA-Serie A,2526,2025-09-29 Parma-Torino,5,Mon,2025-09-29,18:30,Parma,1.3,2–1,0.8,Torino,17006,Stadio Ennio Tardini,Giuseppe Collu,/en/matches/0e5a5b81/Parma-Torino-September-29-2025-Serie-A,,0e5a5b81
ITA-Serie A,2526,2025-10-03 Hellas Verona-Sassuolo,6,Fri,2025-10-03,20:45,Hellas Verona,0.8,0–1,1.7,Sassuolo,21963,Stadio Marc'Antonio Bentegodi,Francesco Fourneau,/en/matches/60eda0bf/Hellas-Verona-Sassuolo-October-3-2025-Serie-A,,60eda0bf
ITA-Serie A,2526,2025-10-04 Atalanta-Como,6,Sat,2025-10-04,20:45,Atalanta,1.4,1–1,1.3,Como,23042,New Balance Arena,Luca Zufferli,/en/matches/92c1aa5d/Atalanta-Como-October-4-2025-Serie-A,,92c1aa5d
ITA-Serie A,2526,2025-10-04 Inter-Cremonese,6,Sat,2025-10-04,18:00,Inter,3.6,4–1,0.6,Cremonese,70750,Stadio Giuseppe Meazza,Ermanno Feliciani,/en/matches/ccebb38d/Internazionale-Cremonese-October-4-2025-Serie-A,,ccebb38d
ITA-Serie A,2526,2025-10-04 Lazio-Torino,6,Sat,2025-10-04,15:00,Lazio,1.3,3–3,1.8,Torino,36000,Stadio Olimpico,Marco Piccinini,/en/matches/05baf688/Lazio-Torino-October-4-2025-Serie-A,,05baf688
ITA-Serie A,2526,2025-10-04 Parma-Lecce,6,Sat,2025-10-04,15:00,Parma,0.6,0–1,0.5,Lecce,19580,Stadio Ennio Tardini,Daniele Doveri,/en/matches/e57e2e5d/Parma-Lecce-October-4-2025-Serie-A,,e57e2e5d
ITA-Serie A,2526,2025-10-05 Bologna-Pisa,6,Sun,2025-10-05,15:00,Bologna,3.5,4–0,0.0,Pisa,27972,Stadio Renato Dall'Ara,Rosario Abisso,/en/matches/314efeda/Bologna-Pisa-October-5-2025-Serie-A,,314efeda
ITA-Serie A,2526,2025-10-05 Fiorentina-Roma,6,Sun,2025-10-05,15:00,Fiorentina,1.1,1–2,1.4,Roma,20548,Stadio Artemio Franchi,Andrea Colombo,/en/matches/a6a044a7/Fiorentina-Roma-October-5-2025-Serie-A,,a6a044a7
ITA-Serie A,2526,2025-10-05 Juventus-Milan,6,Sun,2025-10-05,20:45,Juventus,1.1,0–0,1.8,Milan,41328,Allianz Stadium,Marco Guida,/en/matches/e730a21b/Juventus-Milan-October-5-2025-Serie-A,,e730a21b
ITA-Serie A,2526,2025-10-05 Napoli-Genoa,6,Sun,2025-10-05,18:00,Napoli,1.3,2–1,0.4,Genoa,50000,Stadio Diego Armando Maradona,Federico La Penna,/en/matches/ed7a3a22/Napoli-Genoa-October-5-2025-Serie-A,,ed7a3a22
ITA-Serie A,2526,2025-10-05 Udinese-Cagliari,6,Sun,2025-10-05,12:30,Udinese,2.7,1–1,0.9,Cagliari,18159,Bluenergy Stadium,Alberto Arena,/en/matches/7a86db95/Udinese-Cagliari-October-5-2025-Serie-A,,7a86db95
ITA-Serie A,2526,2025-10-18 Lecce-Sassuolo,7,Sat,2025-10-18,15:00,Lecce,0.7,0–0,0.4,Sassuolo,25307,Stadio Comunale Ettore Giardiniero,Valerio Crezzini,/en/matches/181b13ba/Lecce-Sassuolo-October-18-2025-Serie-A,,181b13ba
ITA-Serie A,2526,2025-10-18 Pisa-Hellas Verona,7,Sat,2025-10-18,15:00,Pisa,0.5,0–0,1.4,Hellas Verona,11557,Arena Garibaldi - Stadio Romeo Anconetan...,Marco Guida,/en/matches/2a702242/Pisa-Hellas-Verona-October-18-2025-Serie-A,,2a702242
ITA-Serie A,2526,2025-10-18 Roma-Inter,7,Sat,2025-10-18,20:45,Roma,1.3,0–1,0.6,Inter,65849,Stadio Olimpico,Davide Massa,/en/matches/4c6f281b/Roma-Internazionale-October-18-2025-Serie-A,,4c6f281b
ITA-Serie A,2526,2025-10-18 Torino-Napoli,7,Sat,2025-10-18,18:00,Torino,2.3,1–0,2.1,Napoli,26802,Stadio Olimpico Grande Torino,Matteo Marcenaro,/en/matches/a4f462bf/Torino-Napoli-October-18-2025-Serie-A,,a4f462bf
ITA-Serie A,2526,2025-10-19 Atalanta-Lazio,7,Sun,2025-10-19,18:00,Atalanta,2.0,0–0,0.3,Lazio,22342,New Balance Arena,Giuseppe Collu,/en/matches/91028675/Atalanta-Lazio-October-19-2025-Serie-A,,91028675
ITA-Serie A,2526,2025-10-19 Cagliari-Bologna,7,Sun,2025-10-19,15:00,Cagliari,0.3,0–2,1.1,Bologna,16168,Unipol Domus,Matteo Marchetti,/en/matches/fc8bf90c/Cagliari-Bologna-October-19-2025-Serie-A,,fc8bf90c
ITA-Serie A,2526,2025-10-19 Como-Juventus,7,Sun,2025-10-19,12:30,Como,1.5,2–0,0.9,Juventus,12039,Stadio Giuseppe Sinigaglia,Giovanni Ayroldi,/en/matches/0a3078e3/Como-Juventus-October-19-2025-Serie-A,,0a3078e3
ITA-Serie A,2526,2025-10-19 Genoa-Parma,7,Sun,2025-10-19,15:00,Genoa,2.2,0–0,0.0,Parma,30636,Stadio Comunale Luigi Ferraris,Simone Sozza,/en/matches/c2eeb537/Genoa-Parma-October-19-2025-Serie-A,,c2eeb537
ITA-Serie A,2526,2025-10-19 Milan-Fiorentina,7,Sun,2025-10-19,20:45,Milan,1.9,2–1,1.1,Fiorentina,71475,Stadio Giuseppe Meazza,Livio Marinelli,/en/matches/8f89d740/Milan-Fiorentina-October-19-2025-Serie-A,,8f89d740
ITA-Serie A,2526,2025-10-20 Cremonese-Udinese,7,Mon,2025-10-20,20:45,Cremonese,1.1,1–1,0.7,Udinese,10860,Stadio Giovanni Zini,Michael Fabbri,/en/matches/28d35f76/Cremonese-Udinese-October-20-2025-Serie-A,,28d35f76
ITA-Serie A,2526,2025-10-24 Milan-Pisa,8,Fri,2025-10-24,20:45,Milan,1.5,2–2,1.5,Pisa,72615,Stadio Giuseppe Meazza,Luca Zufferli,/en/matches/2c3918d3/Milan-Pisa-October-24-2025-Serie-A,,2c3918d3
ITA-Serie A,2526,2025-10-25 Cremonese-Atalanta,8,Sat,2025-10-25,20:45,Cremonese,1.0,1–1,1.1,Atalanta,11052,Stadio Giovanni Zini,Alberto Arena,/en/matches/fdcf0c36/Cremonese-Atalanta-October-25-2025-Serie-A,,fdcf0c36
ITA-Serie A,2526,2025-10-25 Napoli-Inter,8,Sat,2025-10-25,18:00,Napoli,1.3,3–1,1.8,Inter,54200,Stadio Diego Armando Maradona,Maurizio Mariani,/en/matches/1e975b6e/Napoli-Internazionale-October-25-2025-Serie-A,,1e975b6e
ITA-Serie A,2526,2025-10-25 Parma-Como,8,Sat,2025-10-25,15:00,Parma,0.6,0–0,0.4,Como,18116,Stadio Ennio Tardini,Daniele Chiffi,/en/matches/b4f4cda0/Parma-Como-October-25-2025-Serie-A,,b4f4cda0
ITA-Serie A,2526,2025-10-25 Udinese-Lecce,8,Sat,2025-10-25,15:00,Udinese,1.0,3–2,0.4,Lecce,21441,Bluenergy Stadium,Ermanno Feliciani,/en/matches/74672e61/Udinese-Lecce-October-25-2025-Serie-A,,74672e61
ITA-Serie A,2526,2025-10-26 Fiorentina-Bologna,8,Sun,2025-10-26,18:00,Fiorentina,3.4,2–2,1.0,Bologna,19445,Stadio Artemio Franchi,Federico La Penna,/en/matches/f56ae8ca/Derby-dellAppennino-Fiorentina-Bologna-October-26-2025-Serie-A,,f56ae8ca
ITA-Serie A,2526,2025-10-26 Hellas Verona-Cagliari,8,Sun,2025-10-26,15:00,Hellas Verona,1.9,2–2,0.4,Cagliari,24344,Stadio Marc'Antonio Bentegodi,Federico Dionisi,/en/matches/117df459/Hellas-Verona-Cagliari-October-26-2025-Serie-A,,117df459
ITA-Serie A,2526,2025-10-26 Lazio-Juventus,8,Sun,2025-10-26,20:45,Lazio,0.8,1–0,1.5,Juventus,54000,Stadio Olimpico,Andrea Colombo,/en/matches/e2c30d84/Lazio-Juventus-October-26-2025-Serie-A,,e2c30d84
ITA-Serie A,2526,2025-10-26 Sassuolo-Roma,8,Sun,2025-10-26,15:00,Sassuolo,1.0,0–1,1.7,Roma,19674,Mapei Stadium - Città del Tricolore,Gianluca Manganiello,/en/matches/c22f5ded/Sassuolo-Roma-October-26-2025-Serie-A,,c22f5ded
ITA-Serie A,2526,2025-10-26 Torino-Genoa,8,Sun,2025-10-26,12:30,Torino,1.3,2–1,2.1,Genoa,23365,Stadio Olimpico Grande Torino,Kevin Bonacina,/en/matches/17b6db46/Torino-Genoa-October-26-2025-Serie-A,,17b6db46
ITA-Serie A,2526,2025-10-28 Atalanta-Milan,9,Tue,2025-10-28,20:45,Atalanta,1.3,1–1,0.4,Milan,23157,New Balance Arena,Daniele Doveri,/en/matches/2018e1c7/Atalanta-Milan-October-28-2025-Serie-A,,2018e1c7
ITA-Serie A,2526,2025-10-28 Lecce-Napoli,9,Tue,2025-10-28,18:30,Lecce,1.1,0–1,0.8,Napoli,25569,Stadio Comunale Ettore Giardiniero,Giuseppe Collu,/en/matches/03883326/Lecce-Napoli-October-28-2025-Serie-A,,03883326
ITA-Serie A,2526,2025-10-29 Bologna-Torino,9,Wed,2025-10-29,20:45,Bologna,0.4,0–0,0.5,Torino,25691,Stadio Renato Dall'Ara,Giovanni Ayroldi,/en/matches/549ef1c4/Bologna-Torino-October-29-2025-Serie-A,,549ef1c4
ITA-Serie A,2526,2025-10-29 Como-Hellas Verona,9,Wed,2025-10-29,18:30,Como,1.5,3–1,1.5,Hellas Verona,10167,Stadio Giuseppe Sinigaglia,Matteo Marcenaro,/en/matches/e5fb2641/Como-Hellas-Verona-October-29-2025-Serie-A,,e5fb2641
ITA-Serie A,2526,2025-10-29 Genoa-Cremonese,9,Wed,2025-10-29,20:45,Genoa,1.3,0–2,1.3,Cremonese,30083,Stadio Comunale Luigi Ferraris,Rosario Abisso,/en/matches/c68595cb/Genoa-Cremonese-October-29-2025-Serie-A,,c68595cb
ITA-Serie A,2526,2025-10-29 Inter-Fiorentina,9,Wed,2025-10-29,20:45,Inter,2.6,3–0,0.7,Fiorentina,71096,Stadio Giuseppe Meazza,Simone Sozza,/en/matches/a087caa6/Internazionale-Fiorentina-October-29-2025-Serie-A,,a087caa6
ITA-Serie A,2526,2025-10-29 Juventus-Udinese,9,Wed,2025-10-29,18:30,Juventus,3.1,3–1,0.5,Udinese,40034,Allianz Stadium,Marco Di Bello,/en/matches/97aaca72/Juventus-Udinese-October-29-2025-Serie-A,,97aaca72
ITA-Serie A,2526,2025-10-29 Roma-Parma,9,Wed,2025-10-29,18:30,Roma,1.0,2–1,1.1,Parma,61043,Stadio Olimpico,Valerio Crezzini,/en/matches/1fec4552/Roma-Parma-October-29-2025-Serie-A,,1fec4552
ITA-Serie A,2526,2025-10-30 Cagliari-Sassuolo,9,Thu,2025-10-30,18:30,Cagliari,0.7,1–2,0.6,Sassuolo,15563,Unipol Domus,Luca Pairetto,/en/matches/6977986d/Cagliari-Sassuolo-October-30-2025-Serie-A,,6977986d
ITA-Serie A,2526,2025-10-30 Pisa-Lazio,9,Thu,2025-10-30,20:45,Pisa,0.9,0–0,0.5,Lazio,10101,Arena Garibaldi - Stadio Romeo Anconetan...,Davide Massa,/en/matches/a30341fc/Pisa-Lazio-October-30-2025-Serie-A,,a30341fc
ITA-Serie A,2526,2025-11-01 Cremonese-Juventus,10,Sat,2025-11-01,20:45,Cremonese,0.5,1–2,1.9,Juventus,14808,Stadio Giovanni Zini,Daniele Chiffi,/en/matches/4c499de2/Cremonese-Juventus-November-1-2025-Serie-A,,4c499de2
ITA-Serie A,2526,2025-11-01 Napoli-Como,10,Sat,2025-11-01,18:00,Napoli,0.9,0–0,1.1,Como,52000,Stadio Diego Armando Maradona,Luca Zufferli,/en/matches/fc09dacb/Napoli-Como-November-1-2025-Serie-A,,fc09dacb
ITA-Serie A,2526,2025-11-01 Udinese-Atalanta,10,Sat,2025-11-01,15:00,Udinese,0.5,1–0,0.4,Atalanta,20167,Bluenergy Stadium,Michael Fabbri,/en/matches/a0927a27/Udinese-Atalanta-November-1-2025-Serie-A,,a0927a27
ITA-Serie A,2526,2025-11-02 Fiorentina-Lecce,10,Sun,2025-11-02,15:00,Fiorentina,1.4,0–1,1.2,Lecce,18184,Stadio Artemio Franchi,Antonio Rapuano,/en/matches/5d7865bc/Fiorentina-Lecce-November-2-2025-Serie-A,,5d7865bc
ITA-Serie A,2526,2025-11-02 Hellas Verona-Inter,10,Sun,2025-11-02,12:30,Hellas Verona,0.4,1–2,1.1,Inter,26696,Stadio Marc'Antonio Bentegodi,Daniele Doveri,/en/matches/66df4003/Hellas-Verona-Internazionale-November-2-2025-Serie-A,,66df4003
ITA-Serie A,2526,2025-11-02 Milan-Roma,10,Sun,2025-11-02,20:45,Milan,3.3,1–0,1.8,Roma,75048,Stadio Giuseppe Meazza,Marco Guida,/en/matches/3e236205/Milan-Roma-November-2-2025-Serie-A,,3e236205
ITA-Serie A,2526,2025-11-02 Parma-Bologna,10,Sun,2025-11-02,18:00,Parma,0.5,1–3,2.7,Bologna,18672,Stadio Ennio Tardini,Kevin Bonacina,/en/matches/fb0da82e/Parma-Bologna-November-2-2025-Serie-A,,fb0da82e
ITA-Serie A,2526,2025-11-02 Torino-Pisa,10,Sun,2025-11-02,15:00,Torino,0.9,2–2,1.5,Pisa,20034,Stadio Olimpico Grande Torino,Alberto Arena,/en/matches/237e2dfe/Torino-Pisa-November-2-2025-Serie-A,,237e2dfe
ITA-Serie A,2526,2025-11-03 Lazio-Cagliari,10,Mon,2025-11-03,20:45,Lazio,0.7,2–0,1.5,Cagliari,35000,Stadio Olimpico,Juan Luca Sacchi,/en/matches/cb48c188/Lazio-Cagliari-November-3-2025-Serie-A,,cb48c188
ITA-Serie A,2526,2025-11-03 Sassuolo-Genoa,10,Mon,2025-11-03,18:30,Sassuolo,0.8,1–2,1.7,Genoa,26696,Mapei Stadium - Città del Tricolore,Ermanno Feliciani,/en/matches/7bc7b76b/Sassuolo-Genoa-November-3-2025-Serie-A,,7bc7b76b
ITA-Serie A,2526,2025-11-07 Pisa-Cremonese,11,Fri,2025-11-07,20:45,Pisa,0.9,1–0,1.0,Cremonese,10728,Arena Garibaldi - Stadio Romeo Anconetan...,Matteo Marcenaro,/en/matches/8b8c12ba/Pisa-Cremonese-November-7-2025-Serie-A,,8b8c12ba
ITA-Serie A,2526,2025-11-08 Como-Cagliari,11,Sat,2025-11-08,15:00,Como,1.0,0–0,0.6,Cagliari,11517,Stadio Giuseppe Sinigaglia,Ivan Pezzuto,/en/matches/78d4af3f/Como-Cagliari-November-8-2025-Serie-A,,78d4af3f
ITA-Serie A,2526,2025-11-08 Juventus-Torino,11,Sat,2025-11-08,18:00,Juventus,1.2,0–0,0.7,Torino,41366,Allianz Stadium,Luca Zufferli,/en/matches/0d208329/Juventus-Torino-November-8-2025-Serie-A,,0d208329
ITA-Serie A,2526,2025-11-08 Lecce-Hellas Verona,11,Sat,2025-11-08,15:00,Lecce,0.5,0–0,0.6,Hellas Verona,24678,Stadio Comunale Ettore Giardiniero,Rosario Abisso,/en/matches/39665a43/Lecce-Hellas-Verona-November-8-2025-Serie-A,,39665a43
ITA-Serie A,2526,2025-11-08 Parma-Milan,11,Sat,2025-11-08,20:45,Parma,1.9,2–2,2.1,Milan,22064,Stadio Ennio Tardini,Marco Di Bello,/en/matches/50c9822c/Parma-Milan-November-8-2025-Serie-A,,50c9822c
ITA-Serie A,2526,2025-11-09 Atalanta-Sassuolo,11,Sun,2025-11-09,12:30,Atalanta,0.9,0–3,1.8,Sassuolo,21933,New Balance Arena,Valerio Crezzini,/en/matches/54b07109/Atalanta-Sassuolo-November-9-2025-Serie-A,,54b07109
ITA-Serie A,2526,2025-11-09 Bologna-Napoli,11,Sun,2025-11-09,15:00,Bologna,0.9,2–0,0.2,Napoli,33174,Stadio Renato Dall'Ara,Daniele Chiffi,/en/matches/a127befd/Bologna-Napoli-November-9-2025-Serie-A,,a127befd
ITA-Serie A,2526,2025-11-09 Genoa-Fiorentina,11,Sun,2025-11-09,15:00,Genoa,1.5,2–2,1.5,Fiorentina,31449,Stadio Comunale Luigi Ferraris,Marco Guida,/en/matches/287df745/Genoa-Fiorentina-November-9-2025-Serie-A,,287df745
ITA-Serie A,2526,2025-11-09 Inter-Lazio,11,Sun,2025-11-09,20:45,Inter,1.9,2–0,0.6,Lazio,71060,Stadio Giuseppe Meazza,Gianluca Manganiello,/en/matches/fe4ac3bc/Internazionale-Lazio-November-9-2025-Serie-A,,fe4ac3bc
ITA-Serie A,2526,2025-11-09 Roma-Udinese,11,Sun,2025-11-09,18:00,Roma,1.5,2–0,1.1,Udinese,61684,Stadio Olimpico,Giuseppe Collu,/en/matches/4c0b25fe/Roma-Udinese-November-9-2025-Serie-A,,4c0b25fe
ITA-Serie A,2526,2025-11-22 Cagliari-Genoa,12,Sat,2025-11-22,15:00,Cagliari,0.8,3–3,1.4,Genoa,15575,Unipol Domus,Federico La Penna,/en/matches/3f5f7b00/Cagliari-Genoa-November-22-2025-Serie-A,,3f5f7b00
ITA-Serie A,2526,2025-11-22 Fiorentina-Juventus,12,Sat,2025-11-22,18:00,Fiorentina,0.6,1–1,1.5,Juventus,22346,Stadio Artemio Franchi,Daniele Doveri,/en/matches/13b835d6/Fiorentina-Juventus-November-22-2025-Serie-A,,13b835d6
ITA-Serie A,2526,2025-11-22 Napoli-Atalanta,12,Sat,2025-11-22,20:45,Napoli,1.6,3–1,0.8,Atalanta,45000,Stadio Diego Armando Maradona,Marco Di Bello,/en/matches/665fced2/Napoli-Atalanta-November-22-2025-Serie-A,,665fced2
ITA-Serie A,2526,2025-11-22 Udinese-Bologna,12,Sat,2025-11-22,15:00,Udinese,1.5,0–3,2.3,Bologna,23756,Bluenergy Stadium,Juan Luca Sacchi,/en/matches/d5f11afb/Udinese-Bologna-November-22-2025-Serie-A,,d5f11afb
ITA-Serie A,2526,2025-11-23 Cremonese-Roma,12,Sun,2025-11-23,15:00,Cremonese,0.9,1–3,1.9,Roma,14666,Stadio Giovanni Zini,Giovanni Ayroldi,/en/matches/3b3c9609/Cremonese-Roma-November-23-2025-Serie-A,,3b3c9609
ITA-Serie A,2526,2025-11-23 Hellas Verona-Parma,12,Sun,2025-11-23,12:30,Hellas Verona,0.6,1–2,1.4,Parma,26266,Stadio Marc'Antonio Bentegodi,Luca Pairetto,/en/matches/52e9d094/Hellas-Verona-Parma-November-23-2025-Serie-A,,52e9d094
ITA-Serie A,2526,2025-11-23 Inter-Milan,12,Sun,2025-11-23,20:45,Inter,1.9,0–1,1.0,Milan,75562,Stadio Giuseppe Meazza,Simone Sozza,/en/matches/feebb815/Derby-della-Madonnina-Internazionale-Milan-November-23-2025-Serie-A,,feebb815
ITA-Serie A,2526,2025-11-23 Lazio-Lecce,12,Sun,2025-11-23,18:00,Lazio,1.9,2–0,0.4,Lecce,25000,Stadio Olimpico,Alberto Arena,/en/matches/00b49fb9/Lazio-Lecce-November-23-2025-Serie-A,,00b49fb9
ITA-Serie A,2526,2025-11-24 Sassuolo-Pisa,12,Mon,2025-11-24,20:45,Sassuolo,1.8,2–2,1.5,Pisa,9343,Mapei Stadium - Città del Tricolore,Davide Di Marco,/en/matches/38051b0b/Sassuolo-Pisa-November-24-2025-Serie-A,,38051b0b
ITA-Serie A,2526,2025-11-24 Torino-Como,12,Mon,2025-11-24,18:30,Torino,1.5,1–5,2.7,Como,22188,Stadio Olimpico Grande Torino,Kevin Bonacina,/en/matches/2feb34d6/Torino-Como-November-24-2025-Serie-A,,2feb34d6
ITA-Serie A,2526,2025-11-28 Como-Sassuolo,13,Fri,2025-11-28,20:45,Como,1.8,2–0,1.0,Sassuolo,10243,Stadio Giuseppe Sinigaglia,Matteo Marchetti,/en/matches/d845e989/Como-Sassuolo-November-28-2025-Serie-A,,d845e989
ITA-Serie A,2526,2025-11-29 Genoa-Hellas Verona,13,Sat,2025-11-29,15:00,Genoa,1.9,2–1,1.9,Hellas Verona,29916,Stadio Comunale Luigi Ferraris,Michael Fabbri,/en/matches/81cc9094/Genoa-Hellas-Verona-November-29-2025-Serie-A,,81cc9094
ITA-Serie A,2526,2025-11-29 Juventus-Cagliari,13,Sat,2025-11-29,18:00,Juventus,1.7,2–1,0.5,Cagliari,39282,Allianz Stadium,Valerio Crezzini,/en/matches/daa085f7/Juventus-Cagliari-November-29-2025-Serie-A,,daa085f7
ITA-Serie A,2526,2025-11-29 Milan-Lazio,13,Sat,2025-11-29,20:45,Milan,1.4,1–0,0.7,Lazio,73156,Stadio Giuseppe Meazza,Giuseppe Collu,/en/matches/b5584701/Milan-Lazio-November-29-2025-Serie-A,,b5584701
ITA-Serie A,2526,2025-11-29 Parma-Udinese,13,Sat,2025-11-29,15:00,Parma,0.9,0–2,1.6,Udinese,17232,Stadio Ennio Tardini,Marco Piccinini,/en/matches/ed9302ea/Parma-Udinese-November-29-2025-Serie-A,,ed9302ea
ITA-Serie A,2526,2025-11-30 Atalanta-Fiorentina,13,Sun,2025-11-30,18:00,Atalanta,1.6,2–0,1.6,Fiorentina,21591,New Balance Arena,Matteo Marcenaro,/en/matches/b14af55c/Atalanta-Fiorentina-November-30-2025-Serie-A,,b14af55c
ITA-Serie A,2526,2025-11-30 Lecce-Torino,13,Sun,2025-11-30,12:30,Lecce,1.0,2–1,1.7,Torino,24776,Stadio Comunale Ettore Giardiniero,Maurizio Mariani,/en/matches/a711b721/Lecce-Torino-November-30-2025-Serie-A,,a711b721
ITA-Serie A,2526,2025-11-30 Pisa-Inter,13,Sun,2025-11-30,15:00,Pisa,1.7,0–2,2.0,Inter,12542,Arena Garibaldi - Stadio Romeo Anconetan...,Marco Guida,/en/matches/5b99cf03/Pisa-Internazionale-November-30-2025-Serie-A,,5b99cf03
ITA-Serie A,2526,2025-11-30 Roma-Napoli,13,Sun,2025-11-30,20:45,Roma,0.5,0–1,1.2,Napoli,63937,Stadio Olimpico,Davide Massa,/en/matches/1e841830/Derby-del-Sole-Roma-Napoli-November-30-2025-Serie-A,,1e841830
ITA-Serie A,2526,2025-12-01 Bologna-Cremonese,13,Mon,2025-12-01,20:45,Bologna,2.7,1–3,2.1,Cremonese,25277,Stadio Renato Dall'Ara,Ermanno Feliciani,/en/matches/d9f75c93/Bologna-Cremonese-December-1-2025-Serie-A,,d9f75c93
ITA-Serie A,2526,2025-12-06 Hellas Verona-Atalanta,14,Sat,2025-12-06,20:45,Hellas Verona,1.0,3–1,1.5,Atalanta,20949,Stadio Marc'Antonio Bentegodi,Maurizio Mariani,/en/matches/486a1a8a/Hellas-Verona-Atalanta-December-6-2025-Serie-A,,486a1a8a
ITA-Serie A,2526,2025-12-06 Inter-Como,14,Sat,2025-12-06,18:00,Inter,1.6,4–0,1.0,Como,75022,Stadio Giuseppe Meazza,Marco Di Bello,/en/matches/aa9864d3/Internazionale-Como-December-6-2025-Serie-A,,aa9864d3
ITA-Serie A,2526,2025-12-06 Sassuolo-Fiorentina,14,Sat,2025-12-06,15:00,Sassuolo,1.0,3–1,1.2,Fiorentina,14285,Mapei Stadium - Città del Tricolore,Luca Pairetto,/en/matches/b126a8b1/Sassuolo-Fiorentina-December-6-2025-Serie-A,,b126a8b1
ITA-Serie A,2526,2025-12-07 Cagliari-Roma,14,Sun,2025-12-07,15:00,Cagliari,1.8,1–0,0.3,Roma,16255,Unipol Domus,Luca Zufferli,/en/matches/5209fca8/Cagliari-Roma-December-7-2025-Serie-A,,5209fca8
ITA-Serie A,2526,2025-12-07 Cremonese-Lecce,14,Sun,2025-12-07,12:30,Cremonese,2.1,2–0,0.9,Lecce,13276,Stadio Giovanni Zini,Giuseppe Mucera,/en/matches/7b3d302a/Cremonese-Lecce-December-7-2025-Serie-A,,7b3d302a
ITA-Serie A,2526,2025-12-07 Lazio-Bologna,14,Sun,2025-12-07,18:00,Lazio,1.2,1–1,1.1,Bologna,43325,Stadio Olimpico,Michael Fabbri,/en/matches/8e938dfe/Lazio-Bologna-December-7-2025-Serie-A,,8e938dfe
ITA-Serie A,2526,2025-12-07 Napoli-Juventus,14,Sun,2025-12-07,20:45,Napoli,1.7,2–1,0.3,Juventus,53000,Stadio Diego Armando Maradona,Federico La Penna,/en/matches/e5906c49/Napoli-Juventus-December-7-2025-Serie-A,,e5906c49
ITA-Serie A,2526,2025-12-08 Pisa-Parma,14,Mon,2025-12-08,15:00,Pisa,1.5,0–1,1.2,Parma,,Arena Garibaldi - Stadio Romeo Anconetan...,Daniele Doveri,/en/matches/ffebf6ec/Pisa-Parma-December-8-2025-Serie-A,,ffebf6ec
ITA-Serie A,2526,2025-12-08 Torino-Milan,14,Mon,2025-12-08,20:45,Torino,1.0,2–3,1.7,Milan,,Stadio Olimpico Grande Torino,Daniele Chiffi,/en/matches/19a6d3a8/Torino-Milan-December-8-2025-Serie-A,,19a6d3a8
ITA-Serie A,2526,2025-12-08 Udinese-Genoa,14,Mon,2025-12-08,18:00,Udinese,1.1,1–2,1.5,Genoa,,Bluenergy Stadium,Fabio Maresca,/en/matches/cbafce68/Udinese-Genoa-December-8-2025-Serie-A,,cbafce68
ITA-Serie A,2526,2025-12-12 Lecce-Pisa,15,Fri,2025-12-12,20:45,Lecce,,,,Pisa,,Stadio Comunale Ettore Giardiniero,,,,
ITA-Serie A,2526,2025-12-13 Atalanta-Cagliari,15,Sat,2025-12-13,20:45,Atalanta,,,,Cagliari,,New Balance Arena,,,,
ITA-Serie A,2526,2025-12-13 Parma-Lazio,15,Sat,2025-12-13,18:00,Parma,,,,Lazio,,Stadio Ennio Tardini,,,,
ITA-Serie A,2526,2025-12-13 Torino-Cremonese,15,Sat,2025-12-13,15:00,Torino,,,,Cremonese,,Stadio Olimpico Grande Torino,,,,
ITA-Serie A,2526,2025-12-14 Bologna-Juventus,15,Sun,2025-12-14,20:45,Bologna,,,,Juventus,,Stadio Renato Dall'Ara,,,,
ITA-Serie A,2526,2025-12-14 Fiorentina-Hellas Verona,15,Sun,2025-12-14,15:00,Fiorentina,,,,Hellas Verona,,Stadio Artemio Franchi,,,,
ITA-Serie A,2526,2025-12-14 Genoa-Inter,15,Sun,2025-12-14,18:00,Genoa,,,,Inter,,Stadio Comunale Luigi Ferraris,,,,
ITA-Serie A,2526,2025-12-14 Milan-Sassuolo,15,Sun,2025-12-14,12:30,Milan,,,,Sassuolo,,Stadio Giuseppe Meazza,,,,
ITA-Serie A,2526,2025-12-14 Udinese-Napoli,15,Sun,2025-12-14,15:00,Udinese,,,,Napoli,,Bluenergy Stadium,,,,
ITA-Serie A,2526,2025-12-15 Roma-Como,15,Mon,2025-12-15,20:45,Roma,,,,Como,,Stadio Olimpico,,,,
ITA-Serie A,2526,2025-12-20 Juventus-Roma,16,Sat,2025-12-20,20:45,Juventus,,,,Roma,,Allianz Stadium,,,,
ITA-Serie A,2526,2025-12-20 Lazio-Cremonese,16,Sat,2025-12-20,18:00,Lazio,,,,Cremonese,,Stadio Olimpico,,,,
ITA-Serie A,2526,2025-12-21 Cagliari-Pisa,16,Sun,2025-12-21,12:30,Cagliari,,,,Pisa,,Unipol Domus,,,,
ITA-Serie A,2526,2025-12-21 Fiorentina-Udinese,16,Sun,2025-12-21,18:00,Fiorentina,,,,Udinese,,Stadio Artemio Franchi,,,,
ITA-Serie A,2526,2025-12-21 Genoa-Atalanta,16,Sun,2025-12-21,20:45,Genoa,,,,Atalanta,,Stadio Comunale Luigi Ferraris,,,,
ITA-Serie A,2526,2025-12-21 Sassuolo-Torino,16,Sun,2025-12-21,15:00,Sassuolo,,,,Torino,,Mapei Stadium - Città del Tricolore,,,,
ITA-Serie A,2526,2025-12-27 Lecce-Como,17,Sat,2025-12-27,15:00,Lecce,,,,Como,,Stadio Comunale Ettore Giardiniero,,,,
ITA-Serie A,2526,2025-12-27 Parma-Fiorentina,17,Sat,2025-12-27,12:30,Parma,,,,Fiorentina,,Stadio Ennio Tardini,,,,
ITA-Serie A,2526,2025-12-27 Pisa-Juventus,17,Sat,2025-12-27,20:45,Pisa,,,,Juventus,,Arena Garibaldi - Stadio Romeo Anconetan...,,,,
ITA-Serie A,2526,2025-12-27 Torino-Cagliari,17,Sat,2025-12-27,15:00,Torino,,,,Cagliari,,Stadio Olimpico Grande Torino,,,,
ITA-Serie A,2526,2025-12-27 Udinese-Lazio,17,Sat,2025-12-27,18:00,Udinese,,,,Lazio,,Bluenergy Stadium,,,,
ITA-Serie A,2526,2025-12-28 Atalanta-Inter,17,Sun,2025-12-28,20:45,Atalanta,,,,Inter,,New Balance Arena,,,,
ITA-Serie A,2526,2025-12-28 Bologna-Sassuolo,17,Sun,2025-12-28,18:00,Bologna,,,,Sassuolo,,Stadio Renato Dall'Ara,,,,
ITA-Serie A,2526,2025-12-28 Cremonese-Napoli,17,Sun,2025-12-28,15:00,Cremonese,,,,Napoli,,Stadio Giovanni Zini,,,,
ITA-Serie A,2526,2025-12-28 Milan-Hellas Verona,17,Sun,2025-12-28,12:30,Milan,,,,Hellas Verona,,Stadio Giuseppe Meazza,,,,
ITA-Serie A,2526,2025-12-29 Roma-Genoa,17,Mon,2025-12-29,20:45,Roma,,,,Genoa,,Stadio Olimpico,,,,
ITA-Serie A,2526,2026-01-02 Cagliari-Milan,18,Fri,2026-01-02,20:45,Cagliari,,,,Milan,,Unipol Domus,,,,
ITA-Serie A,2526,2026-01-03 Atalanta-Roma,18,Sat,2026-01-03,20:45,Atalanta,,,,Roma,,New Balance Arena,,,,
ITA-Serie A,2526,2026-01-03 Como-Udinese,18,Sat,2026-01-03,12:30,Como,,,,Udinese,,Stadio Giuseppe Sinigaglia,,,,
ITA-Serie A,2526,2026-01-03 Genoa-Pisa,18,Sat,2026-01-03,15:00,Genoa,,,,Pisa,,Stadio Comunale Luigi Ferraris,,,,
ITA-Serie A,2526,2026-01-03 Juventus-Lecce,18,Sat,2026-01-03,18:00,Juventus,,,,Lecce,,Allianz Stadium,,,,
ITA-Serie A,2526,2026-01-03 Sassuolo-Parma,18,Sat,2026-01-03,15:00,Sassuolo,,,,Parma,,Mapei Stadium - Città del Tricolore,,,,
ITA-Serie A,2526,2026-01-04 Fiorentina-Cremonese,18,Sun,2026-01-04,15:00,Fiorentina,,,,Cremonese,,Stadio Artemio Franchi,,,,
ITA-Serie A,2526,2026-01-04 Hellas Verona-Torino,18,Sun,2026-01-04,18:00,Hellas Verona,,,,Torino,,Stadio Marc'Antonio Bentegodi,,,,
ITA-Serie A,2526,2026-01-04 Inter-Bologna,18,Sun,2026-01-04,20:45,Inter,,,,Bologna,,Stadio Giuseppe Meazza,,,,
ITA-Serie A,2526,2026-01-04 Lazio-Napoli,18,Sun,2026-01-04,12:30,Lazio,,,,Napoli,,Stadio Olimpico,,,,
ITA-Serie A,2526,2026-01-06 Lecce-Roma,19,Tue,2026-01-06,18:00,Lecce,,,,Roma,,Stadio Comunale Ettore Giardiniero,,,,
ITA-Serie A,2526,2026-01-06 Pisa-Como,19,Tue,2026-01-06,15:00,Pisa,,,,Como,,Arena Garibaldi - Stadio Romeo Anconetan...,,,,
ITA-Serie A,2526,2026-01-06 Sassuolo-Juventus,19,Tue,2026-01-06,20:45,Sassuolo,,,,Juventus,,Mapei Stadium - Città del Tricolore,,,,
ITA-Serie A,2526,2026-01-07 Bologna-Atalanta,19,Wed,2026-01-07,18:30,Bologna,,,,Atalanta,,Stadio Renato Dall'Ara,,,,
ITA-Serie A,2526,2026-01-07 Lazio-Fiorentina,19,Wed,2026-01-07,20:45,Lazio,,,,Fiorentina,,Stadio Olimpico,,,,
ITA-Serie A,2526,2026-01-07 Napoli-Hellas Verona,19,Wed,2026-01-07,18:30,Napoli,,,,Hellas Verona,,Stadio Diego Armando Maradona,,,,
ITA-Serie A,2526,2026-01-07 Parma-Inter,19,Wed,2026-01-07,20:45,Parma,,,,Inter,,Stadio Ennio Tardini,,,,
ITA-Serie A,2526,2026-01-07 Torino-Udinese,19,Wed,2026-01-07,20:45,Torino,,,,Udinese,,Stadio Olimpico Grande Torino,,,,
ITA-Serie A,2526,2026-01-08 Cremonese-Cagliari,19,Thu,2026-01-08,18:30,Cremonese,,,,Cagliari,,Stadio Giovanni Zini,,,,
ITA-Serie A,2526,2026-01-08 Milan-Genoa,19,Thu,2026-01-08,20:45,Milan,,,,Genoa,,Stadio Giuseppe Meazza,,,,
ITA-Serie A,2526,2026-01-10 Atalanta-Torino,20,Sat,2026-01-10,20:45,Atalanta,,,,Torino,,New Balance Arena,,,,
ITA-Serie A,2526,2026-01-10 Como-Bologna,20,Sat,2026-01-10,15:00,Como,,,,Bologna,,Stadio Giuseppe Sinigaglia,,,,
ITA-Serie A,2526,2026-01-10 Roma-Sassuolo,20,Sat,2026-01-10,18:00,Roma,,,,Sassuolo,,Stadio Olimpico,,,,
ITA-Serie A,2526,2026-01-10 Udinese-Pisa,20,Sat,2026-01-10,15:00,Udinese,,,,Pisa,,Bluenergy Stadium,,,,
ITA-Serie A,2526,2026-01-11 Fiorentina-Milan,20,Sun,2026-01-11,15:00,Fiorentina,,,,Milan,,Stadio Artemio Franchi,,,,
ITA-Serie A,2526,2026-01-11 Hellas Verona-Lazio,20,Sun,2026-01-11,18:00,Hellas Verona,,,,Lazio,,Stadio Marc'Antonio Bentegodi,,,,
ITA-Serie A,2526,2026-01-11 Inter-Napoli,20,Sun,2026-01-11,20:45,Inter,,,,Napoli,,Stadio Giuseppe Meazza,,,,
ITA-Serie A,2526,2026-01-11 Lecce-Parma,20,Sun,2026-01-11,12:30,Lecce,,,,Parma,,Stadio Comunale Ettore Giardiniero,,,,
ITA-Serie A,2526,2026-01-12 Genoa-Cagliari,20,Mon,2026-01-12,18:30,Genoa,,,,Cagliari,,Stadio Comunale Luigi Ferraris,,,,
ITA-Serie A,2526,2026-01-12 Juventus-Cremonese,20,Mon,2026-01-12,20:45,Juventus,,,,Cremonese,,Allianz Stadium,,,,
ITA-Serie A,2526,2026-01-14 Inter-Lecce,16,Wed,2026-01-14,20:45,Inter,,,,Lecce,,Stadio Giuseppe Meazza,,,,
ITA-Serie A,2526,2026-01-14 Napoli-Parma,16,Wed,2026-01-14,18:30,Napoli,,,,Parma,,Stadio Diego Armando Maradona,,,,
ITA-Serie A,2526,2026-01-15 Como-Milan,16,Thu,2026-01-15,20:45,Como,,,,Milan,,Stadio Giuseppe Sinigaglia,,,,
ITA-Serie A,2526,2026-01-15 Hellas Verona-Bologna,16,Thu,2026-01-15,18:30,Hellas Verona,,,,Bologna,,Stadio Marc'Antonio Bentegodi,,,,
ITA-Serie A,2526,2026-01-16 Pisa-Atalanta,21,Fri,2026-01-16,20:45,Pisa,,,,Atalanta,,Arena Garibaldi - Stadio Romeo Anconetan...,,,,
ITA-Serie A,2526,2026-01-17 Cagliari-Juventus,21,Sat,2026-01-17,20:45,Cagliari,,,,Juventus,,Unipol Domus,,,,
ITA-Serie A,2526,2026-01-17 Napoli-Sassuolo,21,Sat,2026-01-17,18:00,Napoli,,,,Sassuolo,,Stadio Diego Armando Maradona,,,,
ITA-Serie A,2526,2026-01-17 Udinese-Inter,21,Sat,2026-01-17,15:00,Udinese,,,,Inter,,Bluenergy Stadium,,,,
ITA-Serie A,2526,2026-01-18 Bologna-Fiorentina,21,Sun,2026-01-18,15:00,Bologna,,,,Fiorentina,,Stadio Renato Dall'Ara,,,,
ITA-Serie A,2526,2026-01-18 Milan-Lecce,21,Sun,2026-01-18,20:45,Milan,,,,Lecce,,Stadio Giuseppe Meazza,,,,
ITA-Serie A,2526,2026-01-18 Parma-Genoa,21,Sun,2026-01-18,12:30,Parma,,,,Genoa,,Stadio Ennio Tardini,,,,
ITA-Serie A,2526,2026-01-18 Torino-Roma,21,Sun,2026-01-18,18:00,Torino,,,,Roma,,Stadio Olimpico Grande Torino,,,,
ITA-Serie A,2526,2026-01-19 Cremonese-Hellas Verona,21,Mon,2026-01-19,18:30,Cremonese,,,,Hellas Verona,,Stadio Giovanni Zini,,,,
ITA-Serie A,2526,2026-01-19 Lazio-Como,21,Mon,2026-01-19,20:45,Lazio,,,,Como,,Stadio Olimpico,,,,
ITA-Serie A,2526,2026-01-23 Inter-Pisa,22,Fri,2026-01-23,20:45,Inter,,,,Pisa,,Stadio Giuseppe Meazza,,,,
ITA-Serie A,2526,2026-01-24 Como-Torino,22,Sat,2026-01-24,15:00,Como,,,,Torino,,Stadio Giuseppe Sinigaglia,,,,
ITA-Serie A,2526,2026-01-24 Fiorentina-Cagliari,22,Sat,2026-01-24,18:00,Fiorentina,,,,Cagliari,,Stadio Artemio Franchi,,,,
ITA-Serie A,2526,2026-01-24 Lecce-Lazio,22,Sat,2026-01-24,20:45,Lecce,,,,Lazio,,Stadio Comunale Ettore Giardiniero,,,,
ITA-Serie A,2526,2026-01-25 Atalanta-Parma,22,Sun,2026-01-25,15:00,Atalanta,,,,Parma,,New Balance Arena,,,,
ITA-Serie A,2526,2026-01-25 Genoa-Bologna,22,Sun,2026-01-25,15:00,Genoa,,,,Bologna,,Stadio Comunale Luigi Ferraris,,,,
ITA-Serie A,2526,2026-01-25 Juventus-Napoli,22,Sun,2026-01-25,18:00,Juventus,,,,Napoli,,Allianz Stadium,,,,
ITA-Serie A,2526,2026-01-25 Roma-Milan,22,Sun,2026-01-25,20:45,Roma,,,,Milan,,Stadio Olimpico,,,,
ITA-Serie A,2526,2026-01-25 Sassuolo-Cremonese,22,Sun,2026-01-25,12:30,Sassuolo,,,,Cremonese,,Mapei Stadium - Città del Tricolore,,,,
ITA-Serie A,2526,2026-01-26 Hellas Verona-Udinese,22,Mon,2026-01-26,20:45,Hellas Verona,,,,Udinese,,Stadio Marc'Antonio Bentegodi,,,,
ITA-Serie A,2526,2026-02-01 Bologna-Milan,23,Sun,2026-02-01,,Bologna,,,,Milan,,Stadio Renato Dall'Ara,,,,
ITA-Serie A,2526,2026-02-01 Cagliari-Hellas Verona,23,Sun,2026-02-01,,Cagliari,,,,Hellas Verona,,Unipol Domus,,,,
ITA-Serie A,2526,2026-02-01 Como-Atalanta,23,Sun,2026-02-01,,Como,,,,Atalanta,,Stadio Giuseppe Sinigaglia,,,,
ITA-Serie A,2526,2026-02-01 Cremonese-Inter,23,Sun,2026-02-01,,Cremonese,,,,Inter,,Stadio Giovanni Zini,,,,
ITA-Serie A,2526,2026-02-01 Lazio-Genoa,23,Sun,2026-02-01,,Lazio,,,,Genoa,,Stadio Olimpico,,,,
ITA-Serie A,2526,2026-02-01 Napoli-Fiorentina,23,Sun,2026-02-01,,Napoli,,,,Fiorentina,,Stadio Diego Armando Maradona,,,,
ITA-Serie A,2526,2026-02-01 Parma-Juventus,23,Sun,2026-02-01,,Parma,,,,Juventus,,Stadio Ennio Tardini,,,,
ITA-Serie A,2526,2026-02-01 Pisa-Sassuolo,23,Sun,2026-02-01,,Pisa,,,,Sassuolo,,Arena Garibaldi - Stadio Romeo Anconetan...,,,,
ITA-Serie A,2526,2026-02-01 Torino-Lecce,23,Sun,2026-02-01,,Torino,,,,Lecce,,Stadio Olimpico Grande Torino,,,,
ITA-Serie A,2526,2026-02-01 Udinese-Roma,23,Sun,2026-02-01,,Udinese,,,,Roma,,Bluenergy Stadium,,,,
ITA-Serie A,2526,2026-02-08 Atalanta-Cremonese,24,Sun,2026-02-08,,Atalanta,,,,Cremonese,,New Balance Arena,,,,
ITA-Serie A,2526,2026-02-08 Bologna-Parma,24,Sun,2026-02-08,,Bologna,,,,Parma,,Stadio Renato Dall'Ara,,,,
ITA-Serie A,2526,2026-02-08 Fiorentina-Torino,24,Sun,2026-02-08,,Fiorentina,,,,Torino,,Stadio Artemio Franchi,,,,
ITA-Serie A,2526,2026-02-08 Genoa-Napoli,24,Sun,2026-02-08,,Genoa,,,,Napoli,,Stadio Comunale Luigi Ferraris,,,,
ITA-Serie A,2526,2026-02-08 Hellas Verona-Pisa,24,Sun,2026-02-08,,Hellas Verona,,,,Pisa,,Stadio Marc'Antonio Bentegodi,,,,
ITA-Serie A,2526,2026-02-08 Juventus-Lazio,24,Sun,2026-02-08,,Juventus,,,,Lazio,,Allianz Stadium,,,,
ITA-Serie A,2526,2026-02-08 Lecce-Udinese,24,Sun,2026-02-08,,Lecce,,,,Udinese,,Stadio Comunale Ettore Giardiniero,,,,
ITA-Serie A,2526,2026-02-08 Milan-Como,24,Sun,2026-02-08,,Milan,,,,Como,,Stadio Giuseppe Meazza,,,,
ITA-Serie A,2526,2026-02-08 Roma-Cagliari,24,Sun,2026-02-08,,Roma,,,,Cagliari,,Stadio Olimpico,,,,
ITA-Serie A,2526,2026-02-08 Sassuolo-Inter,24,Sun,2026-02-08,,Sassuolo,,,,Inter,,Mapei Stadium - Città del Tricolore,,,,
ITA-Serie A,2526,2026-02-15 Cagliari-Lecce,25,Sun,2026-02-15,,Cagliari,,,,Lecce,,Unipol Domus,,,,
ITA-Serie A,2526,2026-02-15 Como-Fiorentina,25,Sun,2026-02-15,,Como,,,,Fiorentina,,Stadio Giuseppe Sinigaglia,,,,
ITA-Serie A,2526,2026-02-15 Cremonese-Genoa,25,Sun,2026-02-15,,Cremonese,,,,Genoa,,Stadio Giovanni Zini,,,,
ITA-Serie A,2526,2026-02-15 Inter-Juventus,25,Sun,2026-02-15,,Inter,,,,Juventus,,Stadio Giuseppe Meazza,,,,
ITA-Serie A,2526,2026-02-15 Lazio-Atalanta,25,Sun,2026-02-15,,Lazio,,,,Atalanta,,Stadio Olimpico,,,,
ITA-Serie A,2526,2026-02-15 Napoli-Roma,25,Sun,2026-02-15,,Napoli,,,,Roma,,Stadio Diego Armando Maradona,,,,
ITA-Serie A,2526,2026-02-15 Parma-Hellas Verona,25,Sun,2026-02-15,,Parma,,,,Hellas Verona,,Stadio Ennio Tardini,,,,
ITA-Serie A,2526,2026-02-15 Pisa-Milan,25,Sun,2026-02-15,,Pisa,,,,Milan,,Arena Garibaldi - Stadio Romeo Anconetan...,,,,
ITA-Serie A,2526,2026-02-15 Torino-Bologna,25,Sun,2026-02-15,,Torino,,,,Bologna,,Stadio Olimpico Grande Torino,,,,
ITA-Serie A,2526,2026-02-15 Udinese-Sassuolo,25,Sun,2026-02-15,,Udinese,,,,Sassuolo,,Bluenergy Stadium,,,,
ITA-Serie A,2526,2026-02-22 Atalanta-Napoli,26,Sun,2026-02-22,,Atalanta,,,,Napoli,,New Balance Arena,,,,
ITA-Serie A,2526,2026-02-22 Bologna-Udinese,26,Sun,2026-02-22,,Bologna,,,,Udinese,,Stadio Renato Dall'Ara,,,,
ITA-Serie A,2526,2026-02-22 Cagliari-Lazio,26,Sun,2026-02-22,,Cagliari,,,,Lazio,,Unipol Domus,,,,
ITA-Serie A,2526,2026-02-22 Fiorentina-Pisa,26,Sun,2026-02-22,,Fiorentina,,,,Pisa,,Stadio Artemio Franchi,,,,
ITA-Serie A,2526,2026-02-22 Genoa-Torino,26,Sun,2026-02-22,,Genoa,,,,Torino,,Stadio Comunale Luigi Ferraris,,,,
ITA-Serie A,2526,2026-02-22 Juventus-Como,26,Sun,2026-02-22,,Juventus,,,,Como,,Allianz Stadium,,,,
ITA-Serie A,2526,2026-02-22 Lecce-Inter,26,Sun,2026-02-22,,Lecce,,,,Inter,,Stadio Comunale Ettore Giardiniero,,,,
ITA-Serie A,2526,2026-02-22 Milan-Parma,26,Sun,2026-02-22,,Milan,,,,Parma,,Stadio Giuseppe Meazza,,,,
ITA-Serie A,2526,2026-02-22 Roma-Cremonese,26,Sun,2026-02-22,,Roma,,,,Cremonese,,Stadio Olimpico,,,,
ITA-Serie A,2526,2026-02-22 Sassuolo-Hellas Verona,26,Sun,2026-02-22,,Sassuolo,,,,Hellas Verona,,Mapei Stadium - Città del Tricolore,,,,
ITA-Serie A,2526,2026-03-01 Como-Lecce,27,Sun,2026-03-01,,Como,,,,Lecce,,Stadio Giuseppe Sinigaglia,,,,
ITA-Serie A,2526,2026-03-01 Cremonese-Milan,27,Sun,2026-03-01,,Cremonese,,,,Milan,,Stadio Giovanni Zini,,,,
ITA-Serie A,2526,2026-03-01 Hellas Verona-Napoli,27,Sun,2026-03-01,,Hellas Verona,,,,Napoli,,Stadio Marc'Antonio Bentegodi,,,,
ITA-Serie A,2526,2026-03-01 Inter-Genoa,27,Sun,2026-03-01,,Inter,,,,Genoa,,Stadio Giuseppe Meazza,,,,
ITA-Serie A,2526,2026-03-01 Parma-Cagliari,27,Sun,2026-03-01,,Parma,,,,Cagliari,,Stadio Ennio Tardini,,,,
ITA-Serie A,2526,2026-03-01 Pisa-Bologna,27,Sun,2026-03-01,,Pisa,,,,Bologna,,Arena Garibaldi - Stadio Romeo Anconetan...,,,,
ITA-Serie A,2526,2026-03-01 Roma-Juventus,27,Sun,2026-03-01,,Roma,,,,Juventus,,Stadio Olimpico,,,,
ITA-Serie A,2526,2026-03-01 Sassuolo-Atalanta,27,Sun,2026-03-01,,Sassuolo,,,,Atalanta,,Mapei Stadium - Città del Tricolore,,,,
ITA-Serie A,2526,2026-03-01 Torino-Lazio,27,Sun,2026-03-01,,Torino,,,,Lazio,,Stadio Olimpico Grande Torino,,,,
ITA-Serie A,2526,2026-03-01 Udinese-Fiorentina,27,Sun,2026-03-01,,Udinese,,,,Fiorentina,,Bluenergy Stadium,,,,
ITA-Serie A,2526,2026-03-08 Atalanta-Udinese,28,Sun,2026-03-08,,Atalanta,,,,Udinese,,New Balance Arena,,,,
ITA-Serie A,2526,2026-03-08 Bologna-Hellas Verona,28,Sun,2026-03-08,,Bologna,,,,Hellas Verona,,Stadio Renato Dall'Ara,,,,
ITA-Serie A,2526,2026-03-08 Cagliari-Como,28,Sun,2026-03-08,,Cagliari,,,,Como,,Unipol Domus,,,,
ITA-Serie A,2526,2026-03-08 Fiorentina-Parma,28,Sun,2026-03-08,,Fiorentina,,,,Parma,,Stadio Artemio Franchi,,,,
ITA-Serie A,2526,2026-03-08 Genoa-Roma,28,Sun,2026-03-08,,Genoa,,,,Roma,,Stadio Comunale Luigi Ferraris,,,,
ITA-Serie A,2526,2026-03-08 Juventus-Pisa,28,Sun,2026-03-08,,Juventus,,,,Pisa,,Allianz Stadium,,,,
ITA-Serie A,2526,2026-03-08 Lazio-Sassuolo,28,Sun,2026-03-08,,Lazio,,,,Sassuolo,,Stadio Olimpico,,,,
ITA-Serie A,2526,2026-03-08 Lecce-Cremonese,28,Sun,2026-03-08,,Lecce,,,,Cremonese,,Stadio Comunale Ettore Giardiniero,,,,
ITA-Serie A,2526,2026-03-08 Milan-Inter,28,Sun,2026-03-08,,Milan,,,,Inter,,Stadio Giuseppe Meazza,,,,
ITA-Serie A,2526,2026-03-08 Napoli-Torino,28,Sun,2026-03-08,,Napoli,,,,Torino,,Stadio Diego Armando Maradona,,,,
ITA-Serie A,2526,2026-03-15 Como-Roma,29,Sun,2026-03-15,,Como,,,,Roma,,Stadio Giuseppe Sinigaglia,,,,
ITA-Serie A,2526,2026-03-15 Cremonese-Fiorentina,29,Sun,2026-03-15,,Cremonese,,,,Fiorentina,,Stadio Giovanni Zini,,,,
ITA-Serie A,2526,2026-03-15 Hellas Verona-Genoa,29,Sun,2026-03-15,,Hellas Verona,,,,Genoa,,Stadio Marc'Antonio Bentegodi,,,,
ITA-Serie A,2526,2026-03-15 Inter-Atalanta,29,Sun,2026-03-15,,Inter,,,,Atalanta,,Stadio Giuseppe Meazza,,,,
ITA-Serie A,2526,2026-03-15 Lazio-Milan,29,Sun,2026-03-15,,Lazio,,,,Milan,,Stadio Olimpico,,,,
ITA-Serie A,2526,2026-03-15 Napoli-Lecce,29,Sun,2026-03-15,,Napoli,,,,Lecce,,Stadio Diego Armando Maradona,,,,
ITA-Serie A,2526,2026-03-15 Pisa-Cagliari,29,Sun,2026-03-15,,Pisa,,,,Cagliari,,Arena Garibaldi - Stadio Romeo Anconetan...,,,,
ITA-Serie A,2526,2026-03-15 Sassuolo-Bologna,29,Sun,2026-03-15,,Sassuolo,,,,Bologna,,Mapei Stadium - Città del Tricolore,,,,
ITA-Serie A,2526,2026-03-15 Torino-Parma,29,Sun,2026-03-15,,Torino,,,,Parma,,Stadio Olimpico Grande Torino,,,,
ITA-Serie A,2526,2026-03-15 Udinese-Juventus,29,Sun,2026-03-15,,Udinese,,,,Juventus,,Bluenergy Stadium,,,,
ITA-Serie A,2526,2026-03-22 Atalanta-Hellas Verona,30,Sun,2026-03-22,,Atalanta,,,,Hellas Verona,,New Balance Arena,,,,
ITA-Serie A,2526,2026-03-22 Bologna-Lazio,30,Sun,2026-03-22,,Bologna,,,,Lazio,,Stadio Renato Dall'Ara,,,,
ITA-Serie A,2526,2026-03-22 Cagliari-Napoli,30,Sun,2026-03-22,,Cagliari,,,,Napoli,,Unipol Domus,,,,
ITA-Serie A,2526,2026-03-22 Como-Pisa,30,Sun,2026-03-22,,Como,,,,Pisa,,Stadio Giuseppe Sinigaglia,,,,
ITA-Serie A,2526,2026-03-22 Fiorentina-Inter,30,Sun,2026-03-22,,Fiorentina,,,,Inter,,Stadio Artemio Franchi,,,,
ITA-Serie A,2526,2026-03-22 Genoa-Udinese,30,Sun,2026-03-22,,Genoa,,,,Udinese,,Stadio Comunale Luigi Ferraris,,,,
ITA-Serie A,2526,2026-03-22 Juventus-Sassuolo,30,Sun,2026-03-22,,Juventus,,,,Sassuolo,,Allianz Stadium,,,,
ITA-Serie A,2526,2026-03-22 Milan-Torino,30,Sun,2026-03-22,,Milan,,,,Torino,,Stadio Giuseppe Meazza,,,,
ITA-Serie A,2526,2026-03-22 Parma-Cremonese,30,Sun,2026-03-22,,Parma,,,,Cremonese,,Stadio Ennio Tardini,,,,
ITA-Serie A,2526,2026-03-22 Roma-Lecce,30,Sun,2026-03-22,,Roma,,,,Lecce,,Stadio Olimpico,,,,
ITA-Serie A,2526,2026-04-04 Cremonese-Bologna,31,Sat,2026-04-04,,Cremonese,,,,Bologna,,Stadio Giovanni Zini,,,,
ITA-Serie A,2526,2026-04-04 Hellas Verona-Fiorentina,31,Sat,2026-04-04,,Hellas Verona,,,,Fiorentina,,Stadio Marc'Antonio Bentegodi,,,,
ITA-Serie A,2526,2026-04-04 Inter-Roma,31,Sat,2026-04-04,,Inter,,,,Roma,,Stadio Giuseppe Meazza,,,,
ITA-Serie A,2526,2026-04-04 Juventus-Genoa,31,Sat,2026-04-04,,Juventus,,,,Genoa,,Allianz Stadium,,,,
ITA-Serie A,2526,2026-04-04 Lazio-Parma,31,Sat,2026-04-04,,Lazio,,,,Parma,,Stadio Olimpico,,,,
ITA-Serie A,2526,2026-04-04 Lecce-Atalanta,31,Sat,2026-04-04,,Lecce,,,,Atalanta,,Stadio Comunale Ettore Giardiniero,,,,
ITA-Serie A,2526,2026-04-04 Napoli-Milan,31,Sat,2026-04-04,,Napoli,,,,Milan,,Stadio Diego Armando Maradona,,,,
ITA-Serie A,2526,2026-04-04 Pisa-Torino,31,Sat,2026-04-04,,Pisa,,,,Torino,,Arena Garibaldi - Stadio Romeo Anconetan...,,,,
ITA-Serie A,2526,2026-04-04 Sassuolo-Cagliari,31,Sat,2026-04-04,,Sassuolo,,,,Cagliari,,Mapei Stadium - Città del Tricolore,,,,
ITA-Serie A,2526,2026-04-04 Udinese-Como,31,Sat,2026-04-04,,Udinese,,,,Como,,Bluenergy Stadium,,,,
ITA-Serie A,2526,2026-04-12 Atalanta-Juventus,32,Sun,2026-04-12,,Atalanta,,,,Juventus,,New Balance Arena,,,,
ITA-Serie A,2526,2026-04-12 Bologna-Lecce,32,Sun,2026-04-12,,Bologna,,,,Lecce,,Stadio Renato Dall'Ara,,,,
ITA-Serie A,2526,2026-04-12 Cagliari-Cremonese,32,Sun,2026-04-12,,Cagliari,,,,Cremonese,,Unipol Domus,,,,
ITA-Serie A,2526,2026-04-12 Como-Inter,32,Sun,2026-04-12,,Como,,,,Inter,,Stadio Giuseppe Sinigaglia,,,,
ITA-Serie A,2526,2026-04-12 Fiorentina-Lazio,32,Sun,2026-04-12,,Fiorentina,,,,Lazio,,Stadio Artemio Franchi,,,,
ITA-Serie A,2526,2026-04-12 Genoa-Sassuolo,32,Sun,2026-04-12,,Genoa,,,,Sassuolo,,Stadio Comunale Luigi Ferraris,,,,
ITA-Serie A,2526,2026-04-12 Milan-Udinese,32,Sun,2026-04-12,,Milan,,,,Udinese,,Stadio Giuseppe Meazza,,,,
ITA-Serie A,2526,2026-04-12 Parma-Napoli,32,Sun,2026-04-12,,Parma,,,,Napoli,,Stadio Ennio Tardini,,,,
ITA-Serie A,2526,2026-04-12 Roma-Pisa,32,Sun,2026-04-12,,Roma,,,,Pisa,,Stadio Olimpico,,,,
ITA-Serie A,2526,2026-04-12 Torino-Hellas Verona,32,Sun,2026-04-12,,Torino,,,,Hellas Verona,,Stadio Olimpico Grande Torino,,,,
ITA-Serie A,2526,2026-04-19 Cremonese-Torino,33,Sun,2026-04-19,,Cremonese,,,,Torino,,Stadio Giovanni Zini,,,,
ITA-Serie A,2526,2026-04-19 Hellas Verona-Milan,33,Sun,2026-04-19,,Hellas Verona,,,,Milan,,Stadio Marc'Antonio Bentegodi,,,,
ITA-Serie A,2526,2026-04-19 Inter-Cagliari,33,Sun,2026-04-19,,Inter,,,,Cagliari,,Stadio Giuseppe Meazza,,,,
ITA-Serie A,2526,2026-04-19 Juventus-Bologna,33,Sun,2026-04-19,,Juventus,,,,Bologna,,Allianz Stadium,,,,
ITA-Serie A,2526,2026-04-19 Lecce-Fiorentina,33,Sun,2026-04-19,,Lecce,,,,Fiorentina,,Stadio Comunale Ettore Giardiniero,,,,
ITA-Serie A,2526,2026-04-19 Napoli-Lazio,33,Sun,2026-04-19,,Napoli,,,,Lazio,,Stadio Diego Armando Maradona,,,,
ITA-Serie A,2526,2026-04-19 Pisa-Genoa,33,Sun,2026-04-19,,Pisa,,,,Genoa,,Arena Garibaldi - Stadio Romeo Anconetan...,,,,
ITA-Serie A,2526,2026-04-19 Roma-Atalanta,33,Sun,2026-04-19,,Roma,,,,Atalanta,,Stadio Olimpico,,,,
ITA-Serie A,2526,2026-04-19 Sassuolo-Como,33,Sun,2026-04-19,,Sassuolo,,,,Como,,Mapei Stadium - Città del Tricolore,,,,
ITA-Serie A,2526,2026-04-19 Udinese-Parma,33,Sun,2026-04-19,,Udinese,,,,Parma,,Bluenergy Stadium,,,,
ITA-Serie A,2526,2026-04-26 Bologna-Roma,34,Sun,2026-04-26,,Bologna,,,,Roma,,Stadio Renato Dall'Ara,,,,
ITA-Serie A,2526,2026-04-26 Cagliari-Atalanta,34,Sun,2026-04-26,,Cagliari,,,,Atalanta,,Unipol Domus,,,,
ITA-Serie A,2526,2026-04-26 Fiorentina-Sassuolo,34,Sun,2026-04-26,,Fiorentina,,,,Sassuolo,,Stadio Artemio Franchi,,,,
ITA-Serie A,2526,2026-04-26 Genoa-Como,34,Sun,2026-04-26,,Genoa,,,,Como,,Stadio Comunale Luigi Ferraris,,,,
ITA-Serie A,2526,2026-04-26 Hellas Verona-Lecce,34,Sun,2026-04-26,,Hellas Verona,,,,Lecce,,Stadio Marc'Antonio Bentegodi,,,,
ITA-Serie A,2526,2026-04-26 Lazio-Udinese,34,Sun,2026-04-26,,Lazio,,,,Udinese,,Stadio Olimpico,,,,
ITA-Serie A,2526,2026-04-26 Milan-Juventus,34,Sun,2026-04-26,,Milan,,,,Juventus,,Stadio Giuseppe Meazza,,,,
ITA-Serie A,2526,2026-04-26 Napoli-Cremonese,34,Sun,2026-04-26,,Napoli,,,,Cremonese,,Stadio Diego Armando Maradona,,,,
ITA-Serie A,2526,2026-04-26 Parma-Pisa,34,Sun,2026-04-26,,Parma,,,,Pisa,,Stadio Ennio Tardini,,,,
ITA-Serie A,2526,2026-04-26 Torino-Inter,34,Sun,2026-04-26,,Torino,,,,Inter,,Stadio Olimpico Grande Torino,,,,
ITA-Serie A,2526,2026-05-03 Atalanta-Genoa,35,Sun,2026-05-03,,Atalanta,,,,Genoa,,New Balance Arena,,,,
ITA-Serie A,2526,2026-05-03 Bologna-Cagliari,35,Sun,2026-05-03,,Bologna,,,,Cagliari,,Stadio Renato Dall'Ara,,,,
ITA-Serie A,2526,2026-05-03 Como-Napoli,35,Sun,2026-05-03,,Como,,,,Napoli,,Stadio Giuseppe Sinigaglia,,,,
ITA-Serie A,2526,2026-05-03 Cremonese-Lazio,35,Sun,2026-05-03,,Cremonese,,,,Lazio,,Stadio Giovanni Zini,,,,
ITA-Serie A,2526,2026-05-03 Inter-Parma,35,Sun,2026-05-03,,Inter,,,,Parma,,Stadio Giuseppe Meazza,,,,
ITA-Serie A,2526,2026-05-03 Juventus-Hellas Verona,35,Sun,2026-05-03,,Juventus,,,,Hellas Verona,,Allianz Stadium,,,,
ITA-Serie A,2526,2026-05-03 Pisa-Lecce,35,Sun,2026-05-03,,Pisa,,,,Lecce,,Arena Garibaldi - Stadio Romeo Anconetan...,,,,
ITA-Serie A,2526,2026-05-03 Roma-Fiorentina,35,Sun,2026-05-03,,Roma,,,,Fiorentina,,Stadio Olimpico,,,,
ITA-Serie A,2526,2026-05-03 Sassuolo-Milan,35,Sun,2026-05-03,,Sassuolo,,,,Milan,,Mapei Stadium - Città del Tricolore,,,,
ITA-Serie A,2526,2026-05-03 Udinese-Torino,35,Sun,2026-05-03,,Udinese,,,,Torino,,Bluenergy Stadium,,,,
ITA-Serie A,2526,2026-05-10 Cagliari-Udinese,36,Sun,2026-05-10,,Cagliari,,,,Udinese,,Unipol Domus,,,,
ITA-Serie A,2526,2026-05-10 Cremonese-Pisa,36,Sun,2026-05-10,,Cremonese,,,,Pisa,,Stadio Giovanni Zini,,,,
ITA-Serie A,2526,2026-05-10 Fiorentina-Genoa,36,Sun,2026-05-10,,Fiorentina,,,,Genoa,,Stadio Artemio Franchi,,,,
ITA-Serie A,2526,2026-05-10 Hellas Verona-Como,36,Sun,2026-05-10,,Hellas Verona,,,,Como,,Stadio Marc'Antonio Bentegodi,,,,
ITA-Serie A,2526,2026-05-10 Lazio-Inter,36,Sun,2026-05-10,,Lazio,,,,Inter,,Stadio Olimpico,,,,
ITA-Serie A,2526,2026-05-10 Lecce-Juventus,36,Sun,2026-05-10,,Lecce,,,,Juventus,,Stadio Comunale Ettore Giardiniero,,,,
ITA-Serie A,2526,2026-05-10 Milan-Atalanta,36,Sun,2026-05-10,,Milan,,,,Atalanta,,Stadio Giuseppe Meazza,,,,
ITA-Serie A,2526,2026-05-10 Napoli-Bologna,36,Sun,2026-05-10,,Napoli,,,,Bologna,,Stadio Diego Armando Maradona,,,,
ITA-Serie A,2526,2026-05-10 Parma-Roma,36,Sun,2026-05-10,,Parma,,,,Roma,,Stadio Ennio Tardini,,,,
ITA-Serie A,2526,2026-05-10 Torino-Sassuolo,36,Sun,2026-05-10,,Torino,,,,Sassuolo,,Stadio Olimpico Grande Torino,,,,
ITA-Serie A,2526,2026-05-17 Atalanta-Bologna,37,Sun,2026-05-17,,Atalanta,,,,Bologna,,New Balance Arena,,,,
ITA-Serie A,2526,2026-05-17 Cagliari-Torino,37,Sun,2026-05-17,,Cagliari,,,,Torino,,Unipol Domus,,,,
ITA-Serie A,2526,2026-05-17 Como-Parma,37,Sun,2026-05-17,,Como,,,,Parma,,Stadio Giuseppe Sinigaglia,,,,
ITA-Serie A,2526,2026-05-17 Genoa-Milan,37,Sun,2026-05-17,,Genoa,,,,Milan,,Stadio Comunale Luigi Ferraris,,,,
ITA-Serie A,2526,2026-05-17 Inter-Hellas Verona,37,Sun,2026-05-17,,Inter,,,,Hellas Verona,,Stadio Giuseppe Meazza,,,,
ITA-Serie A,2526,2026-05-17 Juventus-Fiorentina,37,Sun,2026-05-17,,Juventus,,,,Fiorentina,,Allianz Stadium,,,,
ITA-Serie A,2526,2026-05-17 Pisa-Napoli,37,Sun,2026-05-17,,Pisa,,,,Napoli,,Arena Garibaldi - Stadio Romeo Anconetan...,,,,
ITA-Serie A,2526,2026-05-17 Roma-Lazio,37,Sun,2026-05-17,,Roma,,,,Lazio,,Stadio Olimpico,,,,
ITA-Serie A,2526,2026-05-17 Sassuolo-Lecce,37,Sun,2026-05-17,,Sassuolo,,,,Lecce,,Mapei Stadium - Città del Tricolore,,,,
ITA-Serie A,2526,2026-05-17 Udinese-Cremonese,37,Sun,2026-05-17,,Udinese,,,,Cremonese,,Bluenergy Stadium,,,,
ITA-Serie A,2526,2026-05-24 Bologna-Inter,38,Sun,2026-05-24,,Bologna,,,,Inter,,Stadio Renato Dall'Ara,,,,
ITA-Serie A,2526,2026-05-24 Cremonese-Como,38,Sun,2026-05-24,,Cremonese,,,,Como,,Stadio Giovanni Zini,,,,
ITA-Serie A,2526,2026-05-24 Fiorentina-Atalanta,38,Sun,2026-05-24,,Fiorentina,,,,Atalanta,,Stadio Artemio Franchi,,,,
ITA-Serie A,2526,2026-05-24 Hellas Verona-Roma,38,Sun,2026-05-24,,Hellas Verona,,,,Roma,,Stadio Marc'Antonio Bentegodi,,,,
ITA-Serie A,2526,2026-05-24 Lazio-Pisa,38,Sun,2026-05-24,,Lazio,,,,Pisa,,Stadio Olimpico,,,,
ITA-Serie A,2526,2026-05-24 Lecce-Genoa,38,Sun,2026-05-24,,Lecce,,,,Genoa,,Stadio Comunale Ettore Giardiniero,,,,
ITA-Serie A,2526,2026-05-24 Milan-Cagliari,38,Sun,2026-05-24,,Milan,,,,Cagliari,,Stadio Giuseppe Meazza,,,,
ITA-Serie A,2526,2026-05-24 Napoli-Udinese,38,Sun,2026-05-24,,Napoli,,,,Udinese,,Stadio Diego Armando Maradona,,,,
ITA-Serie A,2526,2026-05-24 Parma-Sassuolo,38,Sun,2026-05-24,,Parma,,,,Sassuolo,,Stadio Ennio Tardini,,,,
ITA-Serie A,2526,2026-05-24 Torino-Juventus,38,Sun,2026-05-24,,Torino,,,,Juventus,,Stadio Olimpico Grande Torino,,,,
